sno,claim,url,claim_entered,sourced_bills,stella_en_1.5B_v5_cossim,stella_en_400M_v5_cossim,gte-Qwen2-1.5B-instruct_cossim,gte-large-en-v1.5_cossim,stella_en_1.5B_v5_dotscore,stella_en_400M_v5_dotscore,gte-Qwen2-1.5B-instruct_dotscore,gte-large-en-v1.5_dotscore,part1_claim,part1_agent,part1_issue
0,âAshley Hinson voted against the bipartisan infrastructure bill that made this money (for Iowa's locks and dams) possible. Once again sheâs taking credit for work she didnât do.â,https://www.politifact.com/factchecks/2022/jan/21/liz-mathis/hinson-joined-letter-iowa-lock-and-dam-money-she-d/,Ashley Hinson voted against the bipartisan infrastructure bill that made this money (for Iowa's locks and dams) possible,"['117 HR 3684', '117 HR 5305', '117 HR 5376']","['117 HR 3684', '117 S 1301', '117 HR 5315', '117 HR 5689', '117 SJRES 33', '117 HRES 508', '117 HR 5323', '117 HR 5434', '117 HR 1319', '117 HR 8294']","['117 HR 3684', '117 S 1301', '117 HR 5315', '117 HR 5689', '117 HR 5677', '117 SJRES 33', '117 HR 7693', '117 HRES 508', '117 HR 5323', '117 HR 7776']",-,-,"['117 HRES 1300', '117 HR 8987', '117 S 5230', '117 HRES 1512', '117 HR 6878', '117 HR 7174', '117 HR 5290', '117 HR 5677', '117 HR 256', '117 HRES 198']","['117 HR 5677', '117 S 1301', '117 HR 3684', '117 HR 7693', '117 SJRES 33', '117 HR 256', '117 HRES 508', '117 HR 5290', '117 HR 5315', '117 HR 1319']",-,-,Ashley Hinson voted against the bipartisan infrastructure bill that made this money (for Iowa's locks and dams) possible,H001091,28@110
1,Chuck Grassley was âvoting to slash Medicareâ when voting against the debt ceiling bill.,https://www.politifact.com/factchecks/2021/dec/17/abby-finkenauer/context-needed-grassley-comment-about-medicare-vot/,Chuck Grassley was voting to slash Medicare when voting against the debt ceiling bill,"['117 S 610', '117 S 1844', '117 HR 5099', '117 S 935', '112 HCONRES 112', '112 SCONRES 44', '112 SCONRES 44', '113 SCONRES 8', '117 HR 1868']","['110 S 3101', '108 HR 1', '101 S 1726', '117 HR 1868', '117 S 610', '110 HR 6331', '111 SJRES 39', '108 S 1', '105 HR 2015', '117 HR 5376']","['110 S 3101', '101 S 1726', '117 S 610', '117 HR 1868', '110 HR 6331', '111 SJRES 39', '108 HR 1', '111 HR 4872', '108 S 1', '104 HR 2586']",-,-,"['117 SCONRES 43', '117 S 5355', '102 HJRES 374', '112 SJRES 25', '112 HJRES 98', '106 HJRES 127', '106 HJRES 126', '106 HJRES 110', '106 HJRES 111', '106 HJRES 115']","['110 S 3101', '101 S 1726', '117 S 5355', '117 SCONRES 43', '117 S 610', '112 HJRES 98', '112 SJRES 25', '107 S 2578', '110 HR 6331', '117 HR 1868']",-,-,Chuck Grassley was voting to slash Medicare when voting against the debt ceiling bill,G000386,26@43
2,"Ashley Hinsonâs and Mariannette Miller-Meeksâ no votes on the infrastructure bill are ""denying rural Iowa broadband internet.""",https://www.politifact.com/factchecks/2021/nov/22/dave-loebsack/tweet-claiming-hinson-and-miller-meeks-denied-iowa/,Ashley Hinson voted no on the infrastructure bill which led to denying rural Iowa broadband internet,"['117 HR 3684', '117 HR 3684']","['117 HR 3193', '117 HR 3684', '117 HR 1218', '117 HR 5315', '117 S 1617', '117 S 3451', '117 HR 4045', '117 HR 4032', '117 S 2796', '117 HR 1319']","['117 HR 3193', '117 S 1617', '117 S 2796', '117 HR 1218', '117 HR 3684', '117 HR 3344', '117 HR 7211', '117 HR 4032', '117 HR 5315', '117 HR 1934']",-,-,"['117 HRES 1300', '117 HR 8987', '117 S 5230', '117 HRES 1512', '117 HR 6878', '117 HR 7174', '117 HR 5290', '117 HR 5677', '117 HR 256', '117 HRES 147']","['117 HR 3193', '117 HR 5677', '117 S 5230', '117 HRES 1512', '117 HRES 1300', '117 HR 7174', '117 HR 6878', '117 HR 8987', '117 HR 1218', '117 S 2796']",-,-,Ashley Hinson voted no on the infrastructure bill which led to denying rural Iowa broadband internet,H001091,23@100
3,"Ashley Hinsonâs and Mariannette Miller-Meeksâ no votes on the infrastructure bill are ""denying rural Iowa broadband internet.""",https://www.politifact.com/factchecks/2021/nov/22/dave-loebsack/tweet-claiming-hinson-and-miller-meeks-denied-iowa/,Mariannette Miller-Meeks voted no on the infrastructure bill which led to denying rural Iowa broadband internet,"['117 HR 3684', '117 HR 3684']","['117 HR 3193', '117 HR 3684', '117 HR 1218', '117 HR 5315', '117 S 1617', '117 S 3451', '117 HR 4045', '117 HR 4032', '117 S 2796', '117 HR 1319']","['117 HR 3193', '117 S 1617', '117 S 2796', '117 HR 1218', '117 HR 3684', '117 HR 3344', '117 HR 7211', '117 HR 4032', '117 HR 5315', '117 HR 1934']",-,-,"['117 HRES 1300', '117 HR 8987', '117 S 5230', '117 HRES 1512', '117 HR 6878', '117 HR 7174', '117 HR 5290', '117 HR 5677', '117 HR 256', '117 HRES 147']","['117 HR 3193', '117 HR 5677', '117 S 5230', '117 HRES 1512', '117 HRES 1300', '117 HR 7174', '117 HR 6878', '117 HR 8987', '117 HR 1218', '117 S 2796']",-,-,Mariannette Miller-Meeks voted no on the infrastructure bill which led to denying rural Iowa broadband internet,M001215,34@111
4,"Says he worked to pass the 2018 farm bill âthat helped farmers, invest(ed) in rural broadband, and added work requirements for able-bodied adults, Budd voted NO.â",https://www.politifact.com/factchecks/2021/aug/03/mark-walker/trumps-farm-bill-food-stamps-and-north-carolinas-g/,"Budd voted to pass the 2018 farm bill that helped farmers, invest(ed) in rural broadband, and added work requirements for able-bodied adults","['115 HR 2', '115 HR 2']",-,-,-,-,-,-,-,-,"Budd voted to pass the 2018 farm bill that helped farmers, invest(ed) in rural broadband, and added work requirements for able-bodied adults",no_agent,-
5,"Says he worked to pass the 2018 farm bill âthat helped farmers, invest(ed) in rural broadband, and added work requirements for able-bodied adults, Budd voted NO.â",https://www.politifact.com/factchecks/2021/aug/03/mark-walker/trumps-farm-bill-food-stamps-and-north-carolinas-g/,"Marl Walker voted to pass the 2018 farm bill that helped farmers, invest(ed) in rural broadband, and added work requirements for able-bodied adults","['115 HR 2', '115 HR 2']",-,-,-,-,-,-,-,-,"Marl Walker voted to pass the 2018 farm bill that helped farmers, invest(ed) in rural broadband, and added work requirements for able-bodied adults",no_agent,-
6,Sen. Raphael Warnock âvoted for welfare for politicians plan. Up to $25 million of government money for Warnockâs own political campaign.â,https://www.politifact.com/factchecks/2021/jun/25/national-republican-senatorial-committee/republicans-mislead-welfare-attack-raphael-warnock/,Sen. Raphael Warnock voted for welfare for politicians plan,"['117 S 2093', '117 S 1']","['117 SCONRES 43', '117 S 5355', '117 HR 1319', '117 S 4822', '117 HR 3237', '117 S 2093', '117 S 1', '117 S 1301', '117 HR 5376', '117 S 610']","['117 SCONRES 43', '117 S 5355', '117 S 1301', '117 HR 3237', '117 S 2093', '117 S 1', '117 HR 1319', '117 SJRES 33', '117 S 4822', '117 HR 6833']",-,-,"['117 SCONRES 43', '117 S 5355', '117 SJRES 63', '117 SJRES 38', '117 SJRES 33', '117 SJRES 60', '117 SJRES 35', '117 SJRES 39', '117 HR 1319', '117 SRES 47']","['117 SCONRES 43', '117 S 5355', '117 S 1301', '117 SJRES 33', '117 HR 1319', '117 HR 3237', '117 HR 6833', '117 S 1', '117 S 2093', '117 S 4822']",-,-,Sen. Raphael Warnock voted for welfare for politicians plan,W000790,31@54
7,"Says U.S. Rep. Ann Wagner âvoted five times against protecting pre-existing conditions.""",https://www.politifact.com/factchecks/2020/oct/29/jill-schupp/did-ann-wagner-vote-repeal-pre-existing-conditions/,U.S. Rep. Ann Wagner voted five times against protecting pre-existing conditions,"['116 HRES 5', '116 HR 986', '113 HCONRES 25', '113 HCONRES 96', '114 HR 596', '114 HCONRES 27']","['117 HR 1916', '117 HRES 950', '117 HRES 1300', '117 HR 6878', '117 S 5230', '117 HRES 1512', '117 HR 8987', '117 HR 7174', '117 HR 1667', '117 HR 1868']","['117 HR 1916', '117 HRES 950', '117 HR 5551', '117 HR 1667', '117 HR 2499', '117 S 1511', '117 HR 239', '117 HRES 1300', '117 HRES 1512', '117 S 5230']",-,-,"['117 HRES 1300', '117 HR 8987', '117 HRES 1512', '117 S 5230', '117 HR 6878', '117 HR 7174', '117 HR 5290', '117 HR 5677', '117 HRES 1302', '117 HRES 950']","['117 HRES 1300', '117 HR 8987', '117 HRES 1512', '117 S 5230', '117 HR 6878', '117 HR 7174', '117 HRES 950', '117 HR 1916', '117 HR 5551', '117 HR 5677']",-,-,U.S. Rep. Ann Wagner voted five times against protecting pre-existing conditions,W000812,46@80
8,Upton âvoted a dozen times to kick thousands of Michigan families off their health insurance and eliminate protections for preexisting conditionsâ,https://www.politifact.com/factchecks/2020/oct/28/jon-hoadley/upton-voted-dozen-times-support-repealing-affordab/,Upton voted a dozen times to kick thousands of Michigan families off their health insurance and eliminate protections for preexisting conditions,"['111 HR 3590', '112 HCONRES 34', '112 HCONRES 112', '113 HCONRES 25', '113 HCONRES 96', '114 HCONRES 27', '114 SCONRES 11', '116 HRES 271']",-,-,-,-,-,-,-,-,Upton voted a dozen times to kick thousands of Michigan families off their health insurance and eliminate protections for preexisting conditions,no_agent,-
9,Abigail Spanberger and other Democrats âvoted to spend public funds on their political campaigns; up to $5 million...â,https://www.politifact.com/factchecks/2020/oct/20/nick-freitas/did-spanberger-other-house-democrats-vote-use-publ/,Abigail Spanberger voted to spend public funds on their political campaigns,['116 HR 1'],"['117 S 1301', '117 HRES 852', '117 SJRES 33', '117 HR 5314', '117 HR 22', '117 S 272', '117 HRES 1396', '117 HRES 508', '117 HR 6448', '117 HR 1']","['117 S 1301', '117 SJRES 33', '117 HRES 852', '117 S 272', '117 HR 22', '117 HRES 508', '117 HR 5119', '117 HR 6448', '117 HR 3743', '117 HR 1']",-,-,"['117 HRES 1300', '117 HR 8987', '117 S 5230', '117 HRES 1512', '117 HR 6878', '117 HR 7174', '117 HR 5677', '117 HR 256', '117 HR 5290', '117 HRES 852']","['117 S 1301', '117 SJRES 33', '117 HRES 852', '117 HRES 1300', '117 HRES 1512', '117 HR 6878', '117 S 5230', '117 HR 7174', '117 HR 8987', '117 HRES 508']",-,-,Abigail Spanberger voted to spend public funds on their political campaigns,S001209,25@75
10,"Says ""David Schweikert took over $120,000 from the drug industry and voted against legislation to lower prescription drug prices.""",https://www.politifact.com/factchecks/2020/oct/19/afscme/arizona-house-race-attack-ad-zeroes-prescription-d/,"David Schweikert took over $120,000 from the drug industry and voted against legislation to lower prescription drug prices",['116 HR 19'],"['117 HR 5376', '112 HR 5651', '117 HRES 1017', '117 HR 7667', '117 HRES 1404', '117 HR 2355', '112 HRES 591', '117 HR 1899', '112 HRES 724', '112 HRES 219']","['117 HR 5376', '117 HRES 1017', '112 HR 5651', '117 HR 7667', '117 HR 2355', '112 HRES 219', '117 HR 1899', '117 HR 1629', '117 HR 5677', '117 HRES 1404']",-,-,"['117 HRES 1512', '117 S 5230', '117 HRES 1300', '117 HR 6878', '117 HR 7174', '117 HR 8987', '117 HR 5677', '117 HR 5290', '112 HRES 844', '112 HR 6672']","['117 HR 5376', '112 HR 5651', '117 HR 5677', '117 HRES 1017', '117 HR 7667', '112 HRES 219', '117 HR 2355', '112 HRES 724', '117 S 1301', '112 HRES 522']",-,-,"David Schweikert took over $120,000 from the drug industry and voted against legislation to lower prescription drug prices",S001183,77@122
11,"Says Doug Jones ""has voted to spend our tax dollars on late-term abortions"" and ""supports abortion up until birth.""",https://www.politifact.com/factchecks/2020/oct/14/tommy-tuberville/tommy-tuberville-wrong-twice-attack-alabama-sen-do/,Doug Jones has voted to spend our tax dollars on late-term abortions and supports abortion up until birth,['116 S 109'],no_bills,no_bills,-,-,no_bills,no_bills,-,-,Doug Jones has voted to spend our tax dollars on late-term abortions and supports abortion up until birth,J000300,21@105
12,Says Martha McSally âvoted to take away money from Fort Huachuca to pay for the border wall.â,https://www.politifact.com/factchecks/2020/oct/14/mark-kelly/kellys-claim-mcsally-voted-take-money-az-military-/,Martha McSally voted to take away money from Fort Huachuca to pay for the border wall,"['116 HJRES 46', '116 SJRES 54']",no_bills,no_bills,-,-,no_bills,no_bills,-,-,Martha McSally voted to take away money from Fort Huachuca to pay for the border wall,M001197,21@85
13,"Says âLucy McBath voted to release criminals from prison. Murderers, rapists.â",https://www.politifact.com/factchecks/2020/oct/12/national-republican-congressional-committee/lucy-mcbath-didnt-vote-release-murderers-rapists-p/,Lucy McBath voted to release criminals from prison,['116 HR 6800'],"['117 HR 1621', '117 HR 3372', '117 HRES 760', '117 HR 5705', '117 HR 3617', '117 HR 983', '117 HRES 1499', '117 HR 4250', '117 HR 5911', '117 HR 1693']","['117 HR 1621', '117 HR 3372', '117 HR 983', '117 HR 5455', '117 HRES 1499', '117 HR 55', '117 HR 5911', '117 HR 1693', '117 HR 5705', '117 HRES 760']",-,-,"['117 HRES 1300', '117 HR 8987', '117 S 5230', '117 HRES 1512', '117 HR 6878', '117 HR 7174', '117 HR 256', '117 HR 5677', '117 HR 5705', '117 HR 5290']","['117 HRES 1512', '117 S 5230', '117 HRES 1300', '117 HR 6878', '117 HR 7174', '117 HR 8987', '117 HR 1621', '117 HR 983', '117 HR 5705', '117 HRES 1499']",-,-,Lucy McBath voted to release criminals from prison,M001208,18@50
14,Says Joe Cunningham voted for $5 million in taxpayer funds to go into his and other politiciansâ campaigns to pay for personal expenses and TV ads.,https://www.politifact.com/factchecks/2020/oct/12/nancy-mace/sc-rep-cunningham-did-not-vote-5m-tax-funds-go-cam/,Joe Cunningham voted for $5 million in taxpayer funds to go into his and other politicians campaigns to pay for personal expenses and TV ads,['116 HR 1'],no_bills,no_bills,-,-,no_bills,no_bills,-,-,Joe Cunningham voted for $5 million in taxpayer funds to go into his and other politicians campaigns to pay for personal expenses and TV ads,C001122,25@140
15,Says Kamala Harris and other Democratic senators âvoted to let babies scream until they die if born alive.â,https://www.politifact.com/factchecks/2020/sep/01/viral-image/facebook-post-mischaracterizes-democratic-senators/,Kamala Harris voted to let babies scream until they die if born alive,"['116 S 311', '107 HR 2175']",no_bills,no_bills,-,-,no_bills,no_bills,-,-,Kamala Harris voted to let babies scream until they die if born alive,H001075,20@69
16,Sen. Steve Daines âvoted to give billions in tax breaks to big drug companies even as they raised prices.â,https://www.politifact.com/factchecks/2020/aug/25/duty-and-honor/misleading-ad-montana-senate-race-casts-steve-dain/,Sen. Steve Daines voted to give billions in tax breaks to big drug companies even as they raised prices,['116 S 2543'],"['117 HR 5376', '117 S 1301', '117 SJRES 33', '117 S 610', '117 HR 1868', '117 SCONRES 14', '117 HR 1319', '117 SCONRES 5', '117 SJRES 32', '117 S 4822']","['117 HR 5376', '117 S 1301', '117 SJRES 33', '117 HR 1868', '117 S 610', '117 HR 6617', '117 HR 6119', '117 HR 1319', '117 SJRES 32', '117 SCONRES 14']",-,-,"['117 SCONRES 43', '117 S 5355', '117 SJRES 33', '117 SJRES 38', '117 SJRES 63', '117 HR 5376', '117 S 1301', '117 SJRES 32', '117 SJRES 60', '117 SJRES 39']","['117 HR 5376', '117 S 1301', '117 SJRES 33', '117 S 5355', '117 SCONRES 43', '117 HR 1868', '117 HR 1319', '117 S 610', '117 HR 6617', '117 HR 6119']",-,-,Sen. Steve Daines voted to give billions in tax breaks to big drug companies even as they raised prices,D000618,24@103
17,Says Rep. Elissa Slotkin âvoted against condemning cyber attacks by the Chinese Communist Party on American organizations developing COVID-19 treatments.â,https://www.politifact.com/factchecks/2020/aug/24/paul-junge/fact-check-junge-says-slotkin-voted-against-condem/,Rep. Elissa Slotkin voted against condemning cyber attacks by the Chinese Communist Party on American organizations developing COVID-19 treatments,"['116 HRES 1031', '116 HRES 1028', '116 HR 2', '116 HR 6395']","['117 HR 1934', '117 HR 7314', '117 HRES 130', '117 HRES 317', '117 HRES 1125', '117 HRES 837', '117 HR 4521', '117 HR 3344', '117 HRES 720', '117 HRES 760']","['117 HR 7314', '117 HR 1934', '117 HRES 130', '117 HRES 317', '117 HR 4521', '117 HR 3344', '117 HR 7180', '117 S 658', '117 S 4834', '117 HRES 331']",-,-,"['117 HRES 1300', '117 HR 7174', '117 HR 8987', '117 HRES 1512', '117 HR 6878', '117 S 5230', '117 HRES 275', '117 HRES 130', '117 HR 5290', '117 HRES 134']","['117 HR 1934', '117 HR 7314', '117 HRES 130', '117 HRES 317', '117 S 658', '117 HR 7180', '117 HRES 1300', '117 HRES 1512', '117 S 5230', '117 HR 7174']",-,-,Rep. Elissa Slotkin voted against condemning cyber attacks by the Chinese Communist Party on American organizations developing COVID-19 treatments,S001208,34@146
18,"Says U.S. Rep. Dan Lipinski âvoted against the DREAM Act, supports separating families and banning Muslims.â",https://www.politifact.com/factchecks/2020/mar/08/rush-darwish/challengers-account-lipinskis-immigration-record-f/,"U.S. Rep. Dan Lipinski voted against the DREAM Act, supports separating families and banning Muslims","['111 HR 5281', '116 HR 6', '116 HR 541', '116 HR 2214']","['111 HR 5281', '109 HRES 610', '109 HRES 621', '112 HRES 821', '109 HRES 1018', '109 HR 418', '109 HRES 71', '109 HR 6094', '112 HJRES 77', '112 HJRES 98']","['111 HR 5281', '110 HRES 635', '111 HRES 534', '109 HR 418', '109 HRES 610', '109 HR 6094', '109 HRES 621', '112 HRES 821', '112 S 3245', '110 HR 1955']",-,-,"['111 HRES 534', '110 HRES 663', '110 HRES 1097', '111 HRES 403', '111 HRES 1222', '110 HRES 29', '109 HCONRES 210', '109 HRES 610', '109 HRES 534', '109 HRES 621']","['111 HR 5281', '111 HRES 534', '109 HRES 621', '109 HRES 610', '110 HRES 635', '109 HJRES 52', '112 HRES 821', '110 HR 1955', '109 HRES 1018', '109 HR 418']",-,-,"U.S. Rep. Dan Lipinski voted against the DREAM Act, supports separating families and banning Muslims",L000563,37@100
19,"Says Sen. Thom Tillis voted to ""take away"" coverage for people with pre-existing conditions.",https://www.politifact.com/factchecks/2020/mar/02/cal-cunningham/cunningham-says-tills-voted-take-away-coverage-pre/,Sen. Thom Tillis voted to take away coverage for people with pre-existing conditions,['115 S 3388'],"['117 HR 1868', '117 SJRES 32', '117 HR 5376', '117 SJRES 41', '117 S 610', '117 S 2938', '117 SJRES 38', '117 SJRES 63', '117 SJRES 39', '117 SCONRES 43']","['117 HR 1868', '117 SJRES 32', '117 S 610', '117 SJRES 41', '117 SJRES 39', '117 HR 3755', '117 S 4132', '117 S 3373', '117 HR 3967', '117 SJRES 38']",-,-,"['117 SCONRES 43', '117 S 5355', '117 SJRES 63', '117 SJRES 38', '117 SJRES 32', '117 SJRES 60', '117 SJRES 39', '117 SJRES 33', '117 SJRES 35', '117 SJRES 41']","['117 SCONRES 43', '117 S 5355', '117 HR 1868', '117 SJRES 32', '117 S 610', '117 SJRES 41', '117 SJRES 38', '117 SJRES 63', '117 SJRES 31', '117 SJRES 39']",-,-,Sen. Thom Tillis voted to take away coverage for people with pre-existing conditions,T000476,23@84
20,"""Not once in his entire career in Washington, D.C., which started way back in 1991, has Democratic Socialist Bernie Sanders ever voted yes on sanctions against Russia.""",https://www.politifact.com/factchecks/2020/feb/27/tweets/dating-back-1991-and-his-time-house-bernie-sanders/,Bernie Sanders never voted yes on sanctions against Russia,['114 S 284'],-,-,-,-,-,-,-,-,Bernie Sanders never voted yes on sanctions against Russia,-,no_issue
21,"Rep. Ilhan Omar ""voted yes"" to ""provide further funding for the 9/11 First Responders Victims Fund"" while Sen. Rand Paul ""voted no.""",https://www.politifact.com/factchecks/2019/jul/24/facebook-posts/facebook-post-compares-votes-rand-paul-ilhan-omar-/,Sen. Rand Paul voted no to provide further funding for the 9/11 First Responders Victims Fund,"['116 HR 1327', '116 S 546', '116 HR 1327', '116 S 546']","['112 S 1723', '117 HR 3237', '117 HR 1652', '117 HR 6119', '117 HR 6617', '117 HR 5305', '117 HR 6833', '117 HR 1319', '112 S 3457', '112 HR 1']","['117 HR 1652', '112 S 1723', '117 HR 3237', '117 HR 6119', '117 HR 6617', '117 HR 6833', '117 HR 5305', '117 HR 1319', '112 HR 1', '112 S 1925']",-,-,"['117 S 5355', '117 SCONRES 43', '117 SJRES 38', '117 SJRES 63', '112 SJRES 25', '112 HJRES 98', '117 SJRES 33', '112 HCONRES 94', '112 HCONRES 36', '117 HR 7691']","['117 HR 1652', '117 HR 3237', '117 HR 6833', '112 S 1723', '117 HR 1319', '117 SJRES 33', '117 HR 6119', '117 HR 6617', '117 S 1301', '112 S 1925']",-,-,Sen. Rand Paul voted no to provide further funding for the 9/11 First Responders Victims Fund,P000603,24@93
22,"Rep. Ilhan Omar ""voted yes"" to ""provide further funding for the 9/11 First Responders Victims Fund"" while Sen. Rand Paul ""voted no.""",https://www.politifact.com/factchecks/2019/jul/24/facebook-posts/facebook-post-compares-votes-rand-paul-ilhan-omar-/,Rep. Ilhan Omar voted yes to provide further funding for the 9/11 First Responders Victims Fund,"['116 HR 1327', '116 S 546', '116 HR 1327', '116 S 546']","['117 S 1511', '117 HRES 950', '117 HR 3237', '117 HR 1652', '117 HR 6119', '117 HRES 1033', '117 HRES 1097', '117 HR 2278', '117 HR 6617', '117 HR 5305']","['117 S 1511', '117 HR 1652', '117 HR 3237', '117 HRES 1097', '117 HR 2278', '117 HR 6825', '117 HR 6119', '117 HRES 1033', '117 HR 6617', '117 HRES 1224']",-,-,"['117 HRES 1300', '117 HR 8987', '117 HRES 1512', '117 S 5230', '117 HR 6878', '117 HR 7174', '117 HR 5290', '117 HR 5677', '117 HRES 198', '117 HRES 852']","['117 S 1511', '117 HR 1652', '117 HR 3237', '117 HR 2278', '117 HRES 950', '117 HR 6825', '117 HR 6833', '117 HR 7693', '117 HRES 1097', '117 HR 1319']",-,-,Rep. Ilhan Omar voted yes to provide further funding for the 9/11 First Responders Victims Fund,O000173,26@95
23,"Says Joe Biden ""voted for the Iraq War, for mass incarceration, and for the Bankruptcy Reform Act while voting against gay marriage, reproductive rights, and school desegregation.""",https://www.politifact.com/factchecks/2019/apr/26/justice-democrats/biden-draws-barbs-progressive-democratic-organizat/,"Joe Biden voted for the Iraq War, for mass incarceration, and for the Bankruptcy Reform Act while voting against gay marriage, reproductive rights, and school desegregation","['100 HR 05210', '103 HR 3355', '109 S 256']","['108 SCONRES 31', '105 SCONRES 78', '102 SRES 76', '106 HR 2415', '110 S 470', '108 SRES 95', '110 HR 1591', '110 HR 4156', '102 SJRES 1', '108 S 762']","['106 HR 2415', '108 SRES 95', '110 S 470', '102 SJRES 1', '108 SCONRES 31', '110 S 574', '101 SRES 318', '102 SRES 214', '102 SCONRES 5', '108 SRES 356']",-,-,"['101 S 1798', '102 HJRES 374', '106 HJRES 127', '108 HJRES 97', '106 HJRES 126', '106 HJRES 118', '106 HR 2415', '106 HJRES 111', '106 HJRES 115', '106 HJRES 110']","['106 HR 2415', '106 HR 4635', '102 SRES 214', '110 S 470', '110 S 574', '101 S 1798', '101 SRES 318', '107 S 2578', '108 SCONRES 31', '102 HJRES 374']",-,-,"Joe Biden voted for the Iraq War, for mass incarceration, and for the Bankruptcy Reform Act while voting against gay marriage, reproductive rights, and school desegregation",B000444,20@91
24,"Says ""Bob Casey voted in favor of deadly sanctuary cities that released thousands upon thousands of illegal alien criminals and vicious gang members to prey on PennsylvaniaÂ streets, to prey all over this country.""",https://www.politifact.com/factchecks/2018/oct/31/donald-trump/donald-trumps-wild-number-sanctuary-city-criminal-/,"Bob Casey voted in favor of deadly sanctuary cities that released thousands upon thousands of illegal alien criminals and vicious gang members to prey on Pennsylvania streets, to prey all over this country","['115 HR 1236', '115 S 303']",no_bills,no_bills,-,-,no_bills,no_bills,-,-,"Bob Casey voted in favor of deadly sanctuary cities that released thousands upon thousands of illegal alien criminals and vicious gang members to prey on Pennsylvania streets, to prey all over this country",C000228,25@205
25,"""George Holding has voted 13 times to deny Kevin, and the 300,000 people like him in the 2nd Congressional District, coverage"" for their pre-existing conditions.",https://www.politifact.com/factchecks/2018/oct/29/linda-coleman/holding-voted-quite-consistently-healthcare-bills/,"George Holding has voted 13 times to deny Kevin, and the 300,000 people like him in the 2nd Congressional District, coverage for their pre-existing conditions","['113 HR 45', '113 HR 2009', '113 HCONRES 25', '113 HCONRES 96', '114 HR 596', '114 HCONRES 27', '114 SCONRES 11', '114 HR 3762']",no_bills,no_bills,-,-,no_bills,no_bills,-,-,"George Holding has voted 13 times to deny Kevin, and the 300,000 people like him in the 2nd Congressional District, coverage for their pre-existing conditions",H001065,34@114
26,"Says Beto OâRourke ""voted to shield MS-13 gang members from deportation.""",https://www.politifact.com/factchecks/2018/oct/25/donald-trump/mostly-false-donald-trump-claim-beto-orourke-voted/,Beto O Rourke voted to shield MS-13 gang members from deportation,['115 HR 3697'],-,-,-,-,-,-,-,-,Beto O Rourke voted to shield MS-13 gang members from deportation,no_agent,-
27,"Says Ted Budd ""voted to gut protections for pre-existing conditions â¦ letting insurance companies deny coverage for (necessary) treatment.""",https://www.politifact.com/factchecks/2018/oct/22/kathy-manning/fact-checking-kathy-mannings-ad-ted-budd-and-pre-e/,Ted Budd voted to gut protections for pre-existing conditions letting insurance companies deny coverage for (necessary) treatment,['115 HR 1628'],"['117 HR 1916', '117 HR 239', '117 HRES 950', '117 HR 1868', '117 HRES 1404', '117 HR 1667', '117 HR 5376', '117 HRES 1396', '117 S 610', '117 HRES 1017']","['117 HR 1916', '117 HR 239', '117 HRES 1404', '117 HRES 1396', '117 HR 1667', '117 HRES 1464', '117 HRES 950', '117 HR 3755', '117 HR 8296', '117 HR 1868']",-,-,"['117 HRES 1300', '117 HR 8987', '117 S 5230', '117 HRES 1512', '117 HR 6878', '117 HR 7174', '117 HR 5290', '117 HR 5677', '117 HR 256', '117 HRES 1302']","['117 HR 1916', '117 HR 239', '117 HRES 950', '117 HRES 1300', '117 HRES 1512', '117 HR 6878', '117 S 5230', '117 HR 8987', '117 HR 7174', '117 HRES 1017']",-,-,Ted Budd voted to gut protections for pre-existing conditions letting insurance companies deny coverage for (necessary) treatment,B001305,15@129
28,"Says Dave Brat ""voted against protecting pre-existing conditions.""",https://www.politifact.com/factchecks/2018/oct/11/abigail-spanberger/spanberger-ad-exaggerates-brats-vote-pre-existing-/,Dave Brat voted against protecting pre-existing conditions,['115 HR 1628'],no_bills,no_bills,-,-,no_bills,no_bills,-,-,Dave Brat voted against protecting pre-existing conditions,B001290,24@58
29,"Says Marsha Blackburn ""voted against the Reauthorization of the Violence Against Women Act, which attempts to protect women from domestic violence, stalking, and date rape.""",https://www.politifact.com/factchecks/2018/oct/09/taylor-swift/taylor-swift-marsha-blackburn-voted-against-reauth/,"Marsha Blackburn voted against the Reauthorization of the Violence Against Women Act, which attempts to protect women from domestic violence, stalking, and date rape",['113 S 47'],"['109 HR 3402', '112 HR 4970', '112 HRES 656', '109 HR 972', '111 HRES 103', '109 HCONRES 209', '110 HRES 590', '110 HRES 32', '110 S 3641', '108 HRES 276']","['109 HR 3402', '112 HR 4970', '112 HRES 656', '110 HRES 149', '109 HR 972', '110 HRES 32', '110 S 3641', '111 HRES 109', '108 HR 5107', '111 HRES 103']",-,-,"['110 HRES 1097', '109 HR 3130', '109 HCONRES 209', '109 HRES 219', '110 HR 5349', '110 HRES 590', '110 HRES 663', '110 HRES 464', '111 HRES 454', '110 HRES 119']","['109 HR 3402', '112 HR 4970', '112 HRES 656', '110 HRES 149', '110 S 3641', '110 HR 5349', '109 HR 972', '109 HCONRES 209', '110 HRES 590', '110 HRES 32']",-,-,"Marsha Blackburn voted against the Reauthorization of the Violence Against Women Act, which attempts to protect women from domestic violence, stalking, and date rape",B001243,31@165
30,"Says Bruce Poliquin ""voted to strip 117,000 Mainers of their insurance.""",https://www.politifact.com/factchecks/2018/oct/05/maine-democratic-party/did-bruce-poliquin-vote-strip-117000-people-health/,"Bruce Poliquin voted to strip 117,000 Mainers of their insurance",['115 HR 1628'],no_bills,no_bills,-,-,no_bills,no_bills,-,-,"Bruce Poliquin voted to strip 117,000 Mainers of their insurance",P000611,21@64
31,"Says U.S. Rep. John Faso ""voted for an age tax on seniors.""",https://www.politifact.com/factchecks/2018/oct/03/antonio-delgado/antonio-delgado-misleads-claiming-john-faso-voted-/,U.S. Rep. John Faso voted for an age tax on seniors,['115 HR 1628'],no_bills,no_bills,-,-,no_bills,no_bills,-,-,U.S. Rep. John Faso voted for an age tax on seniors,F000464,30@51
32,"Says JackyÂ Rosen ""voted against stopping criminals from re-entering the United States.""",https://www.politifact.com/factchecks/2018/oct/02/senate-leadership-fund/gop-super-pac-ad-skips-over-jacky-rosens-yes-vote-/,Jacky Rosen voted against stopping criminals from re-entering the United States,['115 HR 3004'],"['117 SJRES 31', '117 SJRES 46', '117 SJRES 35', '117 S 2938', '117 S 4822', '117 S 2747', '117 HR 7108', '117 S 937', '117 HR 6119', '117 S 3436']","['117 SJRES 46', '117 SJRES 31', '117 SJRES 35', '117 S 937', '117 HR 3237', '117 HR 6119', '117 HR 1652', '117 S 2747', '117 S 4822', '117 HR 6617']",-,-,"['117 SCONRES 43', '117 S 5355', '117 SJRES 63', '117 SJRES 38', '117 SJRES 35', '117 SJRES 46', '117 SJRES 60', '117 SJRES 31', '117 SJRES 33', '117 SRES 47']","['117 SCONRES 43', '117 S 5355', '117 SJRES 31', '117 SJRES 35', '117 SJRES 46', '117 HR 3237', '117 HR 6119', '117 HR 1652', '117 SJRES 38', '117 SJRES 63']",-,-,Jacky Rosen voted against stopping criminals from re-entering the United States,R000608,26@79
33,"Says ""Texas U.S. Rep John Culberson voted to let insurance companies charge people 50 and over five times more than younger people.""",https://www.politifact.com/factchecks/2018/sep/24/lizzie-pannill-fletcher/texass-fletcher-tries-hit-culberson-obamacare/,Texas U.S. Rep John Culberson voted to let insurance companies charge people 50 and over five times more than younger people,['115 HR 1628'],"['107 HR 2559', '111 HR 3590', '110 HR 6331', '107 HR 4946', '107 HR 4954', '111 HR 3631', '109 S 467', '109 HCONRES 181', '111 HRES 766', '111 HRES 1098']","['107 HR 2559', '111 HR 3590', '111 HRES 1098', '109 HRES 385', '112 HRES 591', '111 HR 4626', '109 HCONRES 181', '111 HR 3631', '109 S 467', '111 HRES 16']",-,-,"['109 HCONRES 181', '109 HR 3130', '111 HRES 16', '110 HRES 584', '109 HCONRES 210', '109 HRES 219', '110 HRES 464', '111 HCONRES 244', '110 HRES 65', '107 HCONRES 395']","['107 HR 2559', '109 HCONRES 181', '109 HCONRES 210', '107 S 2578', '111 HRES 16', '110 HRES 584', '111 HRES 1098', '111 HR 3590', '112 HJRES 77', '112 HJRES 98']",-,-,Texas U.S. Rep John Culberson voted to let insurance companies charge people 50 and over five times more than younger people,C001048,36@124
34,"Says U.S. Rep. Kyrsten Sinema ""voted to cut ICE.""",https://www.politifact.com/factchecks/2018/sep/21/martha-mcsally/martha-mcsallys-claim-kyrsten-sinema-voted-cut-ice/,U.S. Rep. Kyrsten Sinema voted to cut ICE,"['115 HR 1625', '115 HR 244', '114 HR 2029', '113 HR 83', '113 HR 3547', '115 HRES 990', '115 HRES 990']","['117 SCONRES 43', '117 S 5355', '117 HR 3684', '117 HR 1437', '117 S 1251', '117 HR 1319', '117 HR 5376', '117 S 610', '117 SJRES 46', '117 SJRES 33']","['117 SCONRES 43', '117 S 5355', '117 SJRES 33', '117 S 1301', '117 SJRES 31', '117 HR 1437', '117 SJRES 35', '117 S 610', '117 HR 1319', '117 HR 3684']",-,-,"['117 SCONRES 43', '117 S 5355', '117 SJRES 63', '117 SJRES 38', '117 SJRES 33', '117 SJRES 60', '117 SJRES 35', '117 SJRES 46', '117 SRES 47', '117 SJRES 37']","['117 SCONRES 43', '117 S 5355', '117 S 1301', '117 SJRES 31', '117 SJRES 33', '117 SJRES 35', '117 HR 1437', '117 HR 1319', '117 S 610', '117 HR 3684']",-,-,U.S. Rep. Kyrsten Sinema voted to cut ICE,S001191,31@41
35,"Says she voted to stop a new ""age tax"" under which ""Arizonans age 50 & over could be charged 5 times more for their health care.""",https://www.politifact.com/factchecks/2018/sep/19/kyrsten-sinema/fact-checking-kyrsten-sinemas-claim-about-age-tax-/,Kyrsten Sinema voted to stop a new age tax under which Arizonans age 50 & over could be charged 5 times more for their health care.,['115 HR 1628'],"['117 HR 5376', '117 SJRES 35', '117 SJRES 31', '117 S 610', '117 S 1301', '117 SJRES 33', '117 HR 1868', '117 SCONRES 43', '117 S 5355', '117 SJRES 29']","['117 S 1301', '117 HR 5376', '117 SJRES 33', '117 S 610', '117 SJRES 35', '117 HR 1868', '117 S 5355', '117 SCONRES 43', '117 SJRES 31', '117 HR 1652']",-,-,"['117 SCONRES 43', '117 S 5355', '117 SJRES 63', '117 SJRES 38', '117 SJRES 35', '117 SJRES 33', '117 SJRES 60', '117 SJRES 39', '117 SJRES 31', '117 SJRES 32']","['117 SCONRES 43', '117 S 5355', '117 S 1301', '117 SJRES 33', '117 SJRES 35', '117 HR 5376', '117 SJRES 31', '117 S 610', '117 HR 1868', '117 HR 6833']",-,-,Kyrsten Sinema voted to stop a new age tax under which Arizonans age 50 & over could be charged 5 times more for their health care.,S001191,21@71
36,"Says Steve Chabot ""voted to strip insurance protections for pre-existing conditions.""",https://www.politifact.com/factchecks/2018/sep/12/aftab-pureval/chabots-votes-contradict-his-health-care-talk/,Steve Chabot voted to strip insurance protections for pre-existing conditions,"['112 HR 2', '112 HR 6079', '114 HR 596']","['104 HR 3103', '112 HRES 219', '107 HRES 297', '110 HRES 594', '104 HRES 392', '105 HRES 509', '112 HR 1213', '107 HRES 219', '112 HRES 724', '104 HR 483']","['112 HRES 219', '105 HRES 509', '104 HRES 392', '112 HR 358', '112 HR 1213', '112 HRES 724', '106 HRES 323', '106 HR 2990', '104 HRES 121', '110 HRES 594']",-,-,"['117 HRES 1300', '117 S 5230', '117 HR 7174', '117 HR 8987', '117 HR 6878', '117 HRES 1512', '109 HCONRES 181', '105 HR 3717', '109 HCONRES 210', '110 HRES 584']","['112 HRES 219', '110 HRES 594', '109 HCONRES 210', '106 HJRES 90', '105 HRES 509', '110 HRES 675', '104 HRES 392', '112 HR 1213', '110 HRES 774', '112 HRES 724']",-,-,Steve Chabot voted to strip insurance protections for pre-existing conditions,C000266,19@77
37,"Says Joe Donnelly ""voted to grant amnesty to millions of illegal immigrants, including criminals, drunk drivers, domestic violence, and worse.""",https://www.politifact.com/factchecks/2018/sep/12/one-nation-pac/immigration-joe-donnelly-amnesty-criminals-indiana/,"Joe Donnelly voted to grant amnesty to millions of illegal immigrants, including criminals, drunk drivers, domestic violence, and worse.",['113 S 744'],-,-,-,-,-,-,-,-,"Joe Donnelly voted to grant amnesty to millions of illegal immigrants, including criminals, drunk drivers, domestic violence, and worse.",-,no_issue
38,"Says Beto OâRourke ""voted against"" Hurricane Harvey ""tax relief.""",https://www.politifact.com/factchecks/2018/aug/29/ted-cruz/ted-cruz-says-beto-orourke-voted-against-tax-relie/,Beto O Rourke voted against Hurricane Harvey tax relief,['115 HR 3823'],-,-,-,-,-,-,-,-,Beto O Rourke voted against Hurricane Harvey tax relief,no_agent,-
39,"Says Kevin Cramer voted to let insurance companies go back to denying coverage for 300,000 North Dakotans with pre-existing conditions.",https://www.politifact.com/factchecks/2018/aug/24/heidi-heitkamp/kevin-cramers-votes-pre-existing-conditions/,"Kevin Cramer voted to let insurance companies go back to denying coverage for 300,000 North Dakotans with pre-existing conditions","['115 HR 1628', '114 HR 3762', '114 HCONRES 27']","['117 SJRES 32', '117 SJRES 41', '117 SJRES 29', '117 HR 1868', '117 SJRES 39', '117 HR 5376', '117 S 2938', '117 S 4', '117 S 610', '117 SJRES 38']","['117 SJRES 32', '117 SJRES 29', '117 HR 1868', '117 SJRES 39', '117 HR 3755', '117 S 4', '117 SJRES 38', '117 SJRES 63', '117 SJRES 41', '117 S 4132']",-,-,"['117 SCONRES 43', '117 S 5355', '117 SJRES 63', '117 SJRES 38', '117 SJRES 60', '117 SJRES 32', '117 SJRES 39', '117 SJRES 29', '117 SJRES 33', '117 SJRES 41']","['117 SCONRES 43', '117 S 5355', '117 SJRES 32', '117 SJRES 63', '117 SJRES 38', '117 SJRES 29', '117 HR 1868', '117 SJRES 39', '117 SJRES 41', '117 S 1301']",-,-,"Kevin Cramer voted to let insurance companies go back to denying coverage for 300,000 North Dakotans with pre-existing conditions",C001096,19@129
40,"""President Trump proposed the increase to $700 billion to our military budget, which included the 355-ship Navy, which included a military pay increase, a modest one, which included, a yet even more modest housing allowance, but yet (Sen. Tim Kaine) even voted against giving more money to our men and women who are in the military service and against our housing allowance.""",https://www.politifact.com/factchecks/2018/jul/25/corey-stewart/stewart-mark-repeated-attacks-kaines-support-milit/,Sen. Tim Kaine even voted against giving more money to our men and women who are in the military service and against our housing allowance,['115 HR 1625'],"['117 S 1301', '117 HR 4350', '117 SJRES 33', '117 S 3373', '117 HR 3967', '117 SJRES 31', '117 SJRES 35', '117 HR 335', '117 HR 3237', '117 SCONRES 14']","['117 SJRES 33', '117 S 1301', '117 S 3373', '117 HR 3967', '117 HR 4350', '117 SJRES 35', '117 SJRES 31', '117 HR 3237', '117 HR 6617', '117 HR 6119']",-,-,"['117 SCONRES 43', '117 S 5355', '117 SJRES 33', '117 SJRES 38', '117 SJRES 63', '117 SJRES 35', '117 S 1301', '117 HR 7691', '117 HR 335', '117 SJRES 31']","['117 S 1301', '117 SJRES 33', '117 SJRES 35', '117 HR 3967', '117 S 3373', '117 SJRES 31', '117 SCONRES 43', '117 S 5355', '117 HR 3237', '117 HR 4350']",-,-,Sen. Tim Kaine even voted against giving more money to our men and women who are in the military service and against our housing allowance,K000384,34@104
41,"Says Ron DeSantis ""voted in an agricultural bill to give food stamps to illegal immigrants.""",https://www.politifact.com/factchecks/2018/jun/29/adam-putnam/putnam-parrots-previous-absurd-claim-food-stamps-i/,Ron DeSantis voted in an agricultural bill to give food stamps to illegal immigrants,"['113 HR 2642', '113 HR 1947']",no_bills,no_bills,-,-,no_bills,no_bills,-,-,Ron DeSantis voted in an agricultural bill to give food stamps to illegal immigrants,D000621,22@84
42,"Says Bill Nelson voted for ""cuts to Medicare providers"" and voted to weaken ""Social Security protections"" as a U.S. senator.",https://www.politifact.com/factchecks/2018/jun/15/new-republican-pac/republican-pac-misleads-ad-about-sen-bill-nelsons-/,Bill Nelson voted for cuts to Medicare providers and voted to weaken Social Security protections as a U.S. senator,['113 HJRES 59'],"['110 S 3101', '110 HR 6331', '108 HR 1', '108 S 1', '111 SJRES 39', '111 S 1776', '107 S 1052', '111 HR 3590', '110 S 3', '111 HR 4872']","['110 S 3101', '110 HR 6331', '111 SJRES 39', '108 S 1', '108 HR 1', '107 S 1052', '111 HR 4872', '111 S 1776', '110 S 3', '112 S 1931']",-,-,"['112 HJRES 98', '112 SJRES 25', '101 HRES 368', '101 HRES 442', '101 HRES 408', '101 HRES 388', '110 S 3', '101 HRES 433', '101 HRES 487', '109 HJRES 72']","['110 S 3101', '110 HR 6331', '108 S 1', '108 HR 1', '111 SJRES 39', '111 HR 4872', '107 S 1052', '110 S 3', '111 HR 3590', '111 S 1776']",-,-,Bill Nelson voted for cuts to Medicare providers and voted to weaken Social Security protections as a U.S. senator,N000032,22@48
43,"Says Marsha Blackburn ""voted against military pay raise.""",https://www.politifact.com/factchecks/2018/jun/05/tennessee-democratic-party/tennessee-democrats-slam-blackburn-military-pay-vo/,Marsha Blackburn voted against military pay raise,"['115 HR 5515', '115 HR 2220']","['110 HCONRES 162', '108 HR 4879', '108 HR 3365', '111 HR 2990', '110 HRES 1200', '108 HR 100', '110 HR 6081', '110 HR 3997', '108 HR 1307', '109 HR 2528']","['110 HCONRES 162', '110 HRES 1200', '108 HR 4879', '108 HRES 581', '108 HR 3365', '111 HR 2990', '110 HCONRES 295', '110 HR 3997', '110 HR 6081', '111 HR 1679']",-,-,"['117 S 5355', '117 SCONRES 43', '109 HR 3130', '110 HRES 1200', '110 HRES 663', '110 HCONRES 390', '112 HR 6672', '112 HRES 844', '109 HCONRES 181', '110 HCONRES 162']","['110 HCONRES 162', '110 HRES 1200', '108 HR 4879', '110 HCONRES 390', '110 HRES 663', '111 HRES 861', '108 HRES 581', '111 HR 2990', '108 HR 3365', '110 HCONRES 295']",-,-,Marsha Blackburn voted against military pay raise,B001243,31@49
44,"Rep. Dan Donovan ""voted for Tax Cuts""",https://www.politifact.com/factchecks/2018/jun/04/donald-trump/did-rep-dan-donovan-vote-tax-cuts-trump-said/,Rep. Dan Donovan voted for Tax Cuts,['115 HR 1892'],no_bills,no_bills,-,-,no_bills,no_bills,-,-,Rep. Dan Donovan voted for Tax Cuts,D000625,27@35
45,"""Jim Renacci has been a lobbyist even while in Congress"" and ""voted to make it easier for lobbyists to hold key government positions and harder to investigate conflicts of interest.""",https://www.politifact.com/factchecks/2018/may/31/sherrod-brown/sherrod-brown-misleads-lobbyist-attack-jim-renacci/,Jim Renacci voted to make it easier for lobbyists to hold key government positions and harder to investigate conflicts of interest,"['114 HRES 921', '114 HR 6324', '114 HRES 5']","['112 HRES 383', '112 HRES 718', '112 HRES 491', '112 HRES 129', '112 HRES 375', '112 SCONRES 50', '112 S 2038', '112 HR 292', '112 HCONRES 127', '112 HR 10']","['112 HRES 383', '112 HRES 477', '112 HR 292', '112 HJRES 98', '112 HJRES 77', '112 HR 1059', '112 HRES 491', '112 S 2038', '112 HJRES 37', '112 HR 5912']",-,-,"['112 HRES 516', '112 HJRES 77', '112 HJRES 98', '112 HRES 844', '112 HR 6672', '112 HRES 741', '112 HRES 384', '112 HRES 237', '112 HRES 595', '112 HRES 375']","['112 HRES 383', '112 HJRES 77', '112 HJRES 98', '112 HRES 375', '112 HRES 491', '112 HR 292', '112 HJRES 37', '112 HRES 129', '112 HRES 595', '112 HR 5912']",-,-,Jim Renacci voted to make it easier for lobbyists to hold key government positions and harder to investigate conflicts of interest,R000586,18@130
46,"Says Dean Heller ""has voted for a GOP bill that funded efforts to revive Yucca Mountain.""",https://www.politifact.com/factchecks/2018/may/14/jacky-rosen/rosen-misleads-heller-yucca-mountain-vote/,Dean Heller has voted for a GOP bill that funded efforts to revive Yucca Mountain,"['112 HR 1', '115 S 95']","['110 HRES 780', '112 HRES 219', '110 HRES 66', '110 HRES 846', '110 HRES 1001', '110 HRES 602', '111 HRES 830', '110 HRES 1433', '110 HRES 1084', '111 HRES 587']","['110 HRES 780', '112 HRES 219', '110 HRES 219', '111 HR 762', '110 HR 6532', '112 S 3525', '111 HRES 830', '111 HRES 760', '111 HRES 1327', '110 HRES 1253']",-,-,"['110 HRES 66', '110 HRES 464', '111 HRES 1222', '110 HRES 29', '110 HRES 1097', '110 HRES 1190', '110 HRES 780', '110 HRES 370', '111 HRES 316', '110 HRES 116']","['110 HRES 219', '110 HRES 780', '112 HRES 219', '110 HRES 846', '110 HR 6532', '110 HRES 66', '110 HRES 701', '110 HJRES 69', '110 HRES 229', '110 HRES 1253']",-,-,Dean Heller has voted for a GOP bill that funded efforts to revive Yucca Mountain,H001041,26@81
47,"Says Bill Nelson ""voted against requiring Iran to recognize Israel and release American hostages.""",https://www.politifact.com/factchecks/2018/may/04/rick-scott/gov-rick-scott-attack-mischaracterizes-vote-sen-bi/,Bill Nelson voted against requiring Iran to recognize Israel and release American hostages,['114 HJRES 61'],"['112 SJRES 41', '111 HR 2194', '101 HCONRES 87', '108 SRES 393', '108 HR 1828', '101 HCONRES 290', '101 HJRES 658', '101 HCONRES 382', '108 SCONRES 31', '110 S 470']","['112 SJRES 41', '111 HR 2194', '101 HCONRES 87', '101 HJRES 658', '101 HCONRES 290', '108 SRES 393', '101 HCONRES 382', '108 HR 1828', '108 SCONRES 31', '109 SRES 38']",-,-,"['108 HJRES 97', '101 HCONRES 290', '101 HRES 442', '101 HCONRES 382', '109 HJRES 52', '112 HJRES 98', '112 SJRES 25', '101 HRES 484', '101 HRES 368', '108 SRES 393']","['112 SJRES 41', '101 HCONRES 87', '111 HR 2194', '101 HCONRES 290', '101 HCONRES 382', '108 SRES 393', '101 HJRES 658', '108 HR 1828', '108 HJRES 97', '109 HJRES 52']",-,-,Bill Nelson voted against requiring Iran to recognize Israel and release American hostages,N000032,26@90
48,"Says Luke Messer and Todd Rokita ""voted to fast-track Obamaâs trade deals.""",https://www.politifact.com/factchecks/2018/may/04/mike-braun/indianas-mike-braun-misleads-about-opponents-recor/,Todd Rokita voted to fast-track Obama trade deals,"['114 HR 2146', '114 HR 2146']","['112 HR 3078', '112 HR 2832', '112 HRES 370', '112 HR 3080', '112 HR 3079', '112 HJRES 77', '112 HJRES 98', '112 HRES 741', '112 HR 6156', '112 HRES 425']","['112 HR 2832', '112 HR 3078', '112 HR 3079', '112 HR 3080', '112 HR 6156', '112 HJRES 77', '112 HJRES 98', '112 HRES 741', '112 HRES 708', '112 HRES 425']",-,-,"['112 HRES 844', '112 HR 6672', '112 HJRES 98', '112 HJRES 77', '112 HRES 516', '112 HRES 741', '112 HCONRES 51', '112 HRES 750', '112 HR 6168', '112 HR 1954']","['112 HR 2832', '112 HJRES 77', '112 HJRES 98', '112 HRES 741', '112 HR 3078', '112 HR 3080', '112 HR 3079', '112 HRES 491', '112 HRES 375', '112 HR 6156']",-,-,Todd Rokita voted to fast-track Obama trade deals,R000592,18@49
49,"Says Luke Messer and Todd Rokita ""voted to fast-track Obamaâs trade deals.""",https://www.politifact.com/factchecks/2018/may/04/mike-braun/indianas-mike-braun-misleads-about-opponents-recor/,Luke Messer voted to fast-track Obama trade deals,"['114 HR 2146', '114 HR 2146']",no_bills,no_bills,-,-,no_bills,no_bills,-,-,Luke Messer voted to fast-track Obama trade deals,M001189,18@49
50,"""Congresswoman Martha McSally voted to let companies sell your internet data to the highest bidder without your consent. Then she got paid $42,000 by the very corporations she allowed to sell your personal info.""",https://www.politifact.com/factchecks/2018/apr/11/arizona-democratic-party/arizona-democratic-party-claims-gop-lawmaker-mcsal/,Congresswoman Martha McSally voted to let companies sell your internet data to the highest bidder without your consent,['115 SJRES 34'],no_bills,no_bills,-,-,no_bills,no_bills,-,-,Congresswoman Martha McSally voted to let companies sell your internet data to the highest bidder without your consent,M001197,35@118
51,"Says U.S. Rep. Ron DeSantis ""voted in favor of food stamps for illegal immigrants.""",https://www.politifact.com/factchecks/2018/mar/29/uncle-sams-misguided-children/misleading-attack-ron-desantis-about-farm-bill-foo/,U.S. Rep. Ron DeSantis voted in favor of food stamps for illegal immigrants,['113 HR 2642'],no_bills,no_bills,-,-,no_bills,no_bills,-,-,U.S. Rep. Ron DeSantis voted in favor of food stamps for illegal immigrants,D000621,38@75
52,"""Heitkamp High-Fives Schumer After Voting Against 20-Week Abortion Ban.""",https://www.politifact.com/factchecks/2018/feb/06/say-anything-blog/heitkamp-didnt-high-five-schumer-abortion/,Heitkamp Voted Against 20-Week Abortion Ban,['115 S 2311'],-,-,-,-,-,-,-,-,Heitkamp Voted Against 20-Week Abortion Ban,no_agent,-
53,"""In Congress, @RonDeSantisFL was the DECIDING vote AGAINST our state's right to protect Florida waters from drilling.""",https://www.politifact.com/factchecks/2018/jan/12/gwen-graham/did-ron-desantis-cast-deciding-vote-against-legisl/,"In Congress, RonDeSantis was the DECIDING vote AGAINST our state's right to protect Florida waters from drilling",['113 HR 2231'],-,-,-,-,-,-,-,-,"In Congress, RonDeSantis was the DECIDING vote AGAINST our state's right to protect Florida waters from drilling",no_agent,-
54,"U.S. Rep. Carlos Curbelo voted for a health care bill that will let insurance companies ""charge five times more for people over 50.""",https://www.politifact.com/factchecks/2017/may/11/save-my-care/gop-health-care-bill-charges-five-times-more-peopl/,Carlos Curbelo voted for a health care bill that will let insurance companies charge five times more for people over 50,['115 HR 1628'],no_bills,no_bills,-,-,no_bills,no_bills,-,-,Carlos Curbelo voted for a health care bill that will let insurance companies charge five times more for people over 50,C001107,25@119
55,"Roy Blunt ""voted to raise his own pay 12 times"" while in Congress.",https://www.politifact.com/factchecks/2016/nov/06/jason-kander/kander-ad-accusing-blunt-voting-raise-his-pay-misl/,Roy Blunt voted to raise his own pay 12 times while in Congress,"['105 S 01023', '105 HR 2378', '106 HR 246', '106 HR 2490', '106 HRES 560', '106 HR 4871', '107 HRES 206', '107 HR 2590', '107 HRES 488', '107 HR 5120', '108 HRES 351', '108 HR 2989', '108 HRES 770', '108 HR 5025', '109 HRES 342', '109 HR 3058', '109 HR 3058', '109 HRES 865', '109 HR 5576', '110 HRES 517', '110 HR 2829', '111 HR 1105', '111 HRES 184', '111 HR 5146', '111 HR 3082']","['110 HCONRES 162', '106 HRES 434', '110 HRES 579', '107 S 2578', '111 HR 4314', '106 HR 3846', '110 HR 2', '105 HRES 99', '110 HRES 203', '112 S 1323']","['112 SJRES 25', '112 HJRES 98', '107 S 2578', '110 HCONRES 162', '111 HR 4314', '112 S 1323', '111 HCONRES 142', '111 HCONRES 288', '110 HCONRES 138', '110 HRES 579']",-,-,"['117 SCONRES 43', '117 S 5355', '111 HRES 403', '109 HCONRES 181', '105 HR 3717', '110 HRES 29', '109 HR 3130', '111 HRES 1222', '109 HCONRES 210', '110 HRES 663']","['107 S 2578', '111 HR 4314', '117 SCONRES 43', '117 S 5355', '112 HJRES 98', '112 SJRES 25', '111 HCONRES 142', '111 HCONRES 288', '110 HCONRES 138', '108 HCONRES 176']",-,-,Roy Blunt voted to raise his own pay 12 times while in Congress,B000575,16@36
56,"Says Donald Trump and Ron Johnson ""oppose a woman's right to choose and Johnson voted against the Violence Against Women Act.""",https://www.politifact.com/factchecks/2016/nov/03/russ-feingold/russ-feingolds-attack-donald-trump-and-ron-johnson/,Johnson voted against the Violence Against Women Act,"['112 S 91', '112 S 91']",no_bills,no_bills,-,-,no_bills,no_bills,-,-,Johnson voted against the Violence Against Women Act,J000176,22@52
57,"""Richard Burr voted to protect tax breaks for companies that ship jobs overseas but voted against a tax break to help working people.""",https://www.politifact.com/factchecks/2016/nov/02/deborah-ross/did-richard-burr-vote-protect-tax-breaks-companies/,Richard Burr voted to protect tax breaks for companies that ship jobs overseas but voted against a tax break to help working people,"['112 S 3364', '113 S 2569']","['105 HRES 109', '108 HR 1308', '107 HR 1836', '107 HR 3', '107 HRES 83', '107 HRES 320', '107 HRES 521', '106 HRES 564', '107 HR 6', '107 HR 622']","['105 HRES 109', '107 HRES 320', '112 S 3412', '107 HRES 521', '112 HR 3630', '112 HR 8', '107 HR 622', '107 HRES 83', '106 HRES 564', '108 HR 1308']",-,-,"['105 HRES 109', '117 SCONRES 43', '117 S 5355', '105 HR 3717', '107 HRES 141', '107 HRES 104', '107 HRES 111', '107 HRES 83', '108 HCONRES 176', '106 HJRES 127']","['105 HRES 109', '107 HRES 521', '107 HR 1836', '107 HRES 320', '112 S 3412', '105 HR 3717', '112 HR 8', '108 HR 2', '106 HRES 564', '108 HR 1308']",-,-,Richard Burr voted to protect tax breaks for companies that ship jobs overseas but voted against a tax break to help working people,B001135,97@131
58,"""Sen. (Richard) Burr voted no on the Violence Against Women Act.""",https://www.politifact.com/factchecks/2016/oct/18/deborah-ross/nc-senate-race-democrat-deborah-ross-ad-against-go/,Richard Burr voted no on the Violence Against Women Act,"['106 HR 3244', '109 HR 3402', '113 S 47']","['106 HR 1248', '112 S 1925', '106 HR 3244', '107 HR 503', '106 HR 2436', '108 HRES 276', '108 HR 1997', '106 HR 3088', '106 HRES 613', '104 HR 2974']","['112 S 1925', '106 HR 1248', '107 HR 503', '106 HR 2436', '106 HR 3244', '108 HR 1997', '108 HR 5107', '106 HR 3088', '104 HR 2974', '106 HR 4888']",-,-,"['117 SCONRES 43', '117 S 5355', '105 HR 3717', '105 HRES 143', '106 HJRES 127', '104 HRES 119', '107 HRES 311', '104 HRES 125', '105 S 1161', '106 HJRES 126']","['112 S 1925', '106 HR 1248', '105 HR 3717', '106 HCONRES 208', '106 HRES 492', '107 HR 503', '106 HR 3244', '106 HR 2436', '108 HRES 276', '106 HR 4635']",-,-,Richard Burr voted no on the Violence Against Women Act,B001135,22@55
59,"""Kelly Ayotte voted to give big oil more than $20 billion in tax breaks.""",https://www.politifact.com/factchecks/2016/oct/07/democratic-senatorial-campaign-committee/ad-claims-kelly-ayotte-voted-billion-dollar-tax-br/,Kelly Ayotte voted to give big oil more than $20 billion in tax breaks,['112 S 940'],"['112 S 940', '112 S 2204', '112 S 1323', '112 HR 8', '112 S 1931', '112 S 3412', '112 S 2230', '112 S 953', '112 S 2237', '112 HJRES 98']","['112 S 940', '112 S 2204', '112 HR 8', '112 S 1323', '112 S 3412', '112 S 2230', '112 S 1931', '112 S 2237', '112 S 953', '112 S 1944']",-,-,"['112 HJRES 98', '112 SJRES 25', '112 S 940', '112 S 2204', '112 S 2237', '112 S 3364', '112 HCONRES 94', '112 HR 4', '112 S 1323', '112 HCONRES 36']","['112 S 940', '112 S 2204', '112 HR 8', '112 S 3412', '112 S 1323', '112 S 2237', '112 S 2230', '112 S 1931', '112 HJRES 98', '112 SJRES 25']",-,-,Kelly Ayotte voted to give big oil more than $20 billion in tax breaks,A000368,19@70
60,"Says Rep. John Katko ""promised he wouldnât vote to defund Planned Parenthood and since heâs been in office heâs done that four times""",https://www.politifact.com/factchecks/2016/oct/05/colleen-deacon/katko-voted-against-planned-parenthood-funding-fou/,Rep. John Katko promised he wouldn vote to defund Planned Parenthood and since he been in office he done that four times,"['114 HR 3134', '114 HCONRES 79', '114 HR 3762', '114 HR 3762']","['117 HRES 667', '117 HRES 1232', '117 HR 8297', '117 HRES 1224', '117 HRES 795', '117 HR 3755', '117 HR 8296', '117 HR 8373', '117 HRES 1499', '117 HRES 72']","['117 HRES 667', '117 HR 8297', '117 HRES 1232', '117 HR 8296', '117 HR 3755', '117 HR 8373', '117 HR 239', '117 HRES 1224', '117 HRES 1499', '117 HR 256']",-,-,"['117 HRES 1512', '117 HR 7174', '117 HR 8987', '117 S 5230', '117 HR 6878', '117 HRES 1300', '117 HR 256', '117 HR 5290', '117 HRES 72', '117 HRES 795']","['117 HRES 667', '117 HRES 1512', '117 HRES 1300', '117 HR 7174', '117 HR 8987', '117 HR 6878', '117 S 5230', '117 HR 8297', '117 HRES 1232', '117 HR 256']",-,-,Rep. John Katko promised he wouldn vote to defund Planned Parenthood and since he been in office he done that four times,K000386,40@68
61,"Says Rob Portman ""even voted to allow people on the terrorism watch list to buy guns.""",https://www.politifact.com/factchecks/2016/sep/29/ted-strickland/sen-rob-portman-voted-let-terrorists-buy-guns-nope/,Rob Portman even voted to allow people on the terrorism watch list to buy guns,['114 HR 5504'],"['103 HR 1025', '104 HRES 405', '106 HR 2122', '103 HRES 416', '107 HRES 264', '103 HRES 302', '104 HRES 388', '108 HR 1036', '107 HRES 297', '103 HR 4296']","['103 HR 1025', '106 HR 2122', '108 HR 1036', '103 HR 4296', '104 HRES 388', '103 HRES 416', '108 HR 3193', '103 HRES 302', '104 HR 125', '107 HR 3160']",-,-,"['117 SCONRES 43', '117 S 5355', '106 HRES 120', '105 HR 3717', '108 HJRES 97', '104 HRES 405', '105 HRES 179', '103 HJRES 283', '106 HJRES 127', '109 HRES 219']","['104 HRES 388', '103 HR 1025', '103 HRES 416', '106 HR 2122', '103 HRES 302', '103 HR 4296', '108 HR 3193', '108 HR 1036', '107 HRES 264', '104 HRES 405']",-,-,Rob Portman even voted to allow people on the terrorism watch list to buy guns,P000449,23@78
62,"Says Miami Congressman Carlos ""Curbelo supports drilling offshore"" and ""repeatedly voted against President Obama's ability to fight pollution and combat climate change.""",https://www.politifact.com/factchecks/2016/sep/29/democratic-congressional-campaign-committee/democrats-mislead-attack-carlos-curbelos-record-cl/,Miami Congressman Carlos Curbelo supports drilling offshore and repeatedly voted against President Obama's ability to fight pollution and combat climate change,"['114 HR 2028', '114 HR 348', '114 HRES 424', '114 SJRES 23', '114 SJRES 23']",no_bills,no_bills,-,-,no_bills,no_bills,-,-,Miami Congressman Carlos Curbelo supports drilling offshore and repeatedly voted against President Obama's ability to fight pollution and combat climate change,C001107,89@159
63,"Says MarcoÂ Rubio ""voted to slash school funding by billions of dollars and would eliminate the Department of Education.""",https://www.politifact.com/factchecks/2016/sep/27/afscme-people/unions-attack-marco-rubios-education-record/,Marco Rubio voted to slash school funding by billions of dollars and would eliminate the Department of Education,['112 HR 1'],"['117 SJRES 60', '112 S 1723', '112 S 1323', '112 HJRES 98', '112 SJRES 25', '117 S 1301', '112 SCONRES 44', '117 S 2938', '117 SJRES 33', '112 SCONRES 42']","['112 S 1323', '112 S 1723', '112 SJRES 25', '112 HJRES 98', '117 SJRES 60', '117 S 1301', '117 SJRES 33', '112 SCONRES 44', '112 HR 2560', '112 SCONRES 42']",-,-,"['117 SCONRES 43', '117 S 5355', '117 SJRES 60', '112 SJRES 25', '112 HJRES 98', '117 SJRES 63', '117 SJRES 38', '117 SJRES 33', '112 HCONRES 94', '112 HCONRES 36']","['112 HJRES 98', '112 SJRES 25', '117 S 1301', '112 S 1323', '117 S 5355', '117 SCONRES 43', '117 SJRES 60', '117 SJRES 33', '112 S 1723', '112 HR 2560']",-,-,Marco Rubio voted to slash school funding by billions of dollars and would eliminate the Department of Education,R000595,18@64
64,"Says Marco Rubio voted ""against every bill that would have helped keep our families safe. He even voted against a bipartisan measure, introduced by a Republican, to prevent people on the no-fly list from purchasing guns.""",https://www.politifact.com/factchecks/2016/sep/22/patrick-murphy/patrick-murphy-attacks-marco-rubio-votting-against/,Marco Rubio voted against every bill that would have helped keep our families safe,['114 HR 5504'],"['117 S 2938', '117 HR 3237', '117 S 1301', '117 HR 1319', '112 SRES 14', '117 SJRES 31', '117 HR 5305', '117 HR 6617', '112 S 1925', '112 S 1323']","['117 S 2938', '117 HR 3237', '117 S 1301', '117 HR 1319', '112 S 1925', '112 S 1723', '112 S 3525', '117 HR 1652', '112 S 1931', '117 HR 5305']",-,-,"['117 SCONRES 43', '117 S 5355', '117 SJRES 38', '117 SJRES 63', '112 SJRES 25', '112 HJRES 98', '117 SJRES 33', '117 SJRES 35', '112 HCONRES 36', '112 SRES 29']","['117 S 1301', '117 S 2938', '117 HR 3237', '117 S 5355', '117 SCONRES 43', '117 HR 1319', '112 S 1925', '117 SJRES 31', '117 HR 2471', '112 S 3525']",-,-,Marco Rubio voted against every bill that would have helped keep our families safe,R000595,32@82
65,"Says ""Patrick Murphy is the only candidate to have voted against every measure to fund Zika.""",https://www.politifact.com/factchecks/2016/sep/14/marco-rubio/patrick-murphy-has-voted-against-every-zika-fundin/,Patrick Murphy is the only candidate to have voted against every measure to fund Zika,"['114 HR 5044', '114 HRES 751']",no_bills,no_bills,-,-,no_bills,no_bills,-,-,Patrick Murphy is the only candidate to have voted against every measure to fund Zika,M001191,59@85
66,"Nevada Republican Senate nominee ""Joe Heck voted to criminalize abortion for rape victims.""",https://www.politifact.com/factchecks/2016/sep/13/planned-parenthood-votes/planned-parenthood-votes-says-joe-heck-voted-crimi/,Nevada Republican Senate nominee Joe Heck voted to criminalize abortion for rape victims,['112 HR 3803'],"['112 HR 3541', '112 HRES 237', '112 HR 3803', '112 HR 3', '112 HR 358', '112 HRES 430', '112 HR 4970', '112 S 1280', '112 HRES 656', '112 HCONRES 36']","['112 HR 3541', '112 HR 3', '112 HRES 237', '112 HR 3803', '112 HR 358', '112 HRES 430', '112 HR 4970', '112 HRES 656', '112 HCONRES 36', '112 S 1280']",-,-,"['112 HRES 237', '112 HRES 844', '112 HR 6672', '112 HJRES 98', '112 HJRES 77', '112 HRES 430', '112 HRES 522', '112 HRES 516', '112 HRES 219', '112 HRES 384']","['112 HRES 237', '112 HR 3541', '112 HR 3', '112 HR 3803', '112 HRES 430', '112 HR 358', '112 HR 4970', '112 HRES 656', '112 HCONRES 36', '112 HRES 522']",-,-,Nevada Republican Senate nominee Joe Heck voted to criminalize abortion for rape victims,H001055,48@88
67,"""Marco Rubio voted against funding health clinics that provide critical care during this public health emergency (Zika).""",https://www.politifact.com/factchecks/2016/sep/08/naral-pro-choice/naral-misleads-attack-marco-rubio-about-zika-fundi/,Marco Rubio voted against funding health clinics that provide critical care during this public health emergency (Zika),['114 HR 2577'],"['117 HR 1319', '117 HR 1868', '117 HR 5305', '117 HR 3237', '117 HR 6119', '117 HR 6617', '112 HCONRES 35', '117 SJRES 38', '117 SJRES 63', '117 S 2938']","['117 HR 1868', '117 HR 1319', '117 HR 3237', '117 HR 6617', '117 HR 6119', '117 SJRES 38', '117 SJRES 63', '117 HR 5305', '112 HCONRES 35', '117 HR 1652']",-,-,"['117 SCONRES 43', '117 S 5355', '117 SJRES 38', '117 SJRES 63', '112 SJRES 25', '112 HJRES 98', '112 HCONRES 35', '117 SJRES 32', '117 SJRES 39', '112 HCONRES 36']","['117 HR 1319', '117 SJRES 38', '117 SJRES 63', '117 HR 3237', '117 S 5355', '117 SCONRES 43', '117 HR 1868', '117 HR 6617', '117 HR 6119', '112 HCONRES 35']",-,-,Marco Rubio voted against funding health clinics that provide critical care during this public health emergency (Zika),R000595,26@111
68,"Says Hillary Clinton ""voted to raise taxes on workers earning as little as $41,500.""",https://www.politifact.com/factchecks/2016/aug/29/republican-party-florida/republican-party-florida-facebook-post-misses-mark/,"Hillary Clinton voted to raise taxes on workers earning as little as $41,500",['110 SCONRES 70'],"['110 HR 2', '108 HR 2', '107 HR 1836', '108 S 1054', '108 HR 1308', '107 S 2578', '110 HR 5140', '110 HJRES 43', '108 S 1162', '110 HR 3996']","['107 S 2578', '110 HR 2', '108 HR 1308', '108 HR 2', '110 HJRES 43', '108 S 1054', '108 S 1162', '107 HR 1836', '110 HR 5140', '107 HR 622']",-,-,"['110 HR 3996', '110 HJRES 43', '108 HJRES 51', '109 HJRES 72', '108 S 2986', '109 HJRES 47', '107 S 2578', '108 HJRES 97', '110 HR 2', '107 SJRES 4']","['107 S 2578', '110 HR 2', '108 HR 2', '108 HR 1308', '110 HJRES 43', '107 HR 1836', '108 S 1054', '107 HR 622', '110 HR 5140', '108 S 1162']",-,-,"Hillary Clinton voted to raise taxes on workers earning as little as $41,500",C001041,22@76
69,"Says Ron Johnson ""voted five times for tax breaks that help companies ship Wisconsin jobs overseas.""",https://www.politifact.com/factchecks/2016/aug/26/russ-feingold/feingold-johnson-voted-five-times-tax-breaks-help-/,Ron Johnson voted five times for tax breaks that help companies ship Wisconsin jobs overseas,['114 SCONRES 11'],"['112 S 3364', '112 S 1660', '112 S 2237', '112 HR 3630', '112 S 940', '117 HR 5376', '112 S 1931', '112 S 2204', '112 HR 674', '112 HR 2832']","['112 S 3364', '112 S 1660', '112 S 2237', '112 HR 3630', '112 HR 2832', '112 S 940', '112 S 1931', '112 S 3326', '112 HR 674', '112 S 1769']",-,-,"['117 S 5355', '117 SCONRES 43', '112 S 3364', '112 HJRES 98', '112 SJRES 25', '117 SJRES 63', '117 SJRES 38', '112 S 2237', '117 SJRES 33', '117 SJRES 35']","['112 S 3364', '112 S 2237', '112 S 1660', '112 HR 3630', '112 HR 8', '112 HR 2832', '112 S 940', '112 HR 674', '112 S 3412', '112 S 3326']",-,-,Ron Johnson voted five times for tax breaks that help companies ship Wisconsin jobs overseas,J000293,33@92
70,"Says Marco Rubio ""voted against the bipartisan Violence Against Women Act.""",https://www.politifact.com/factchecks/2016/aug/24/patrick-murphy/rubio-voted-against-violence-against-women-act-mur/,Marco Rubio voted against the bipartisan Violence Against Women Act,"['103 HR 3355', '112 S 1925', '113 S 47']","['112 S 1925', '117 S 2938', '112 S 3220', '117 HR 1652', '117 HR 7', '117 S 937', '117 HR 350', '117 HR 3755', '117 S 4132', '117 HR 4350']","['112 S 1925', '112 S 3220', '117 S 2938', '117 HR 1652', '117 HR 3755', '117 HR 7', '117 S 4132', '117 S 937', '112 S 3525', '117 HR 350']",-,-,"['117 S 5355', '117 SCONRES 43', '117 SJRES 38', '117 SJRES 63', '112 HJRES 98', '112 SJRES 25', '112 S 1925', '112 HCONRES 36', '117 SJRES 33', '117 SJRES 35']","['112 S 1925', '112 S 3220', '117 S 2938', '117 HR 1652', '117 SCONRES 43', '117 S 5355', '117 HR 3755', '117 HR 7', '117 S 4132', '117 S 1301']",-,-,Marco Rubio voted against the bipartisan Violence Against Women Act,R000595,26@67
71,"""Mike Pence voted against expanding the Childrenâs Health Insurance program, which Hillary helped to start.""",https://www.politifact.com/factchecks/2016/aug/08/howard-dean/howard-dean-largely-right-mike-pences-health-polic/,Mike Pence voted against expanding the Children Health Insurance program,"['110 HR 976', '111 HR 2', '111 HR 3590', '111 HR 4872']","['110 HR 3162', '110 HRES 774', '110 HRES 594', '110 HRES 675', '111 HRES 52', '111 HR 2', '110 HR 3963', '110 HR 976', '108 HR 3288', '111 HR 3590']","['110 HRES 675', '110 HRES 774', '110 HR 3162', '111 HRES 52', '111 HR 2', '110 HR 3963', '110 HRES 594', '110 HR 976', '111 HR 3590', '111 HRES 534']",-,-,"['110 HRES 594', '111 HRES 534', '110 HRES 1097', '111 HRES 52', '109 HR 3130', '109 HCONRES 210', '110 HRES 675', '109 HCONRES 181', '110 HRES 774', '107 HCONRES 340']","['110 HRES 675', '110 HRES 774', '110 HRES 594', '111 HRES 52', '110 HR 3162', '110 HR 3963', '111 HR 2', '110 HR 976', '111 HRES 534', '111 HR 3590']",-,-,Mike Pence voted against expanding the Children Health Insurance program,P000587,25@64
72,"Says Debbie Wasserman Schultz ""has voted for huge subsidies for the sugar industry ... as well as for delays in cleanups.""",https://www.politifact.com/factchecks/2016/jul/25/tim-canova/tim-canova-attacks-debbie-wasserman-schultzs-recor/,Debbie Wasserman Schultz has voted for huge subsidies for the sugar industry ... as well as for delays in cleanups,"['114 HR 4793', '114 HR 230']","['112 HR 1633', '111 HCONRES 197', '109 HRES 842', '110 HCONRES 187', '109 S 1932', '112 HR 872', '112 HR 6213', '109 HR 5254', '111 HR 1262', '112 HR 2681']","['110 HCONRES 187', '110 HRES 846', '109 HR 3893', '109 S 1932', '112 HJRES 77', '112 HJRES 98', '112 HR 3409', '111 HRES 1460', '111 S 3473', '109 HR 5254']",-,-,"['117 HRES 1300', '117 HR 7174', '117 HR 8987', '117 HR 6878', '117 HRES 1512', '117 S 5230', '109 HRES 219', '110 HRES 66', '109 HCONRES 210', '109 HR 3130']","['110 HRES 846', '110 HRES 66', '109 HCONRES 210', '109 HRES 842', '112 HJRES 98', '112 HJRES 77', '110 HCONRES 187', '109 S 1932', '111 HRES 1460', '109 HR 3893']",-,-,Debbie Wasserman Schultz has voted for huge subsidies for the sugar industry ... as well as for delays in cleanups,W000797,35@114
73,"Says Sen. John McCain ""told dreamers that heâll support the Dream Act, then he voted against it.""",https://www.politifact.com/factchecks/2016/may/24/ann-kirkpatrick/did-john-mccain-support-dream-act-then-vote-agains/,"Sen. John McCain told dreamers that he support the Dream Act, then he voted against it","['108 S 1545', '109 S 2075']",-,-,-,-,-,-,-,-,"Sen. John McCain told dreamers that he support the Dream Act, then he voted against it",no_agent,-
74,"Kelly Ayotte ""has voted to defund Planned Parenthood"" six times.",https://www.politifact.com/factchecks/2016/apr/29/maggie-hassan/maggie-hassan-says-kelly-ayotte-has-record-voting-/,Kelly Ayotte has voted to defund Planned Parenthood six times,['112 HCONRES 36'],"['112 HCONRES 36', '112 SJRES 25', '112 HJRES 98', '112 HCONRES 35', '112 HJRES 48', '112 SCONRES 44', '112 S 1323', '112 HCONRES 112', '112 SCONRES 37', '112 HCONRES 94']","['112 HCONRES 36', '112 SJRES 25', '112 HJRES 98', '112 HCONRES 35', '112 S 1323', '112 HJRES 48', '112 S 1925', '112 SCONRES 44', '112 S 1931', '112 HJRES 117']",-,-,"['112 HCONRES 36', '112 HJRES 98', '112 SJRES 25', '112 HCONRES 35', '112 HCONRES 94', '112 SJRES 36', '112 SRES 29', '112 HR 2608', '112 S 3369', '112 S 3576']","['112 HCONRES 36', '112 HJRES 98', '112 SJRES 25', '112 HCONRES 35', '112 S 1323', '112 S 1925', '112 HJRES 48', '112 HJRES 117', '112 SJRES 6', '112 SCONRES 44']",-,-,Kelly Ayotte has voted to defund Planned Parenthood six times,A000368,23@51
75,"""Kelly Ayotte has voted four times against the federal Paycheck Fairness Act.""",https://www.politifact.com/factchecks/2016/apr/29/maggie-hassan/maggie-hassan-says-kelly-ayotte-repeatedly-voted-a/,Kelly Ayotte has voted four times against the federal Paycheck Fairness Act,['113 S 2199'],"['112 S 3220', '112 HR 3630', '112 S 1660', '112 S 1931', '112 HR 674', '112 S 2230', '112 S 1789', '112 S 3369', '112 S 1769', '112 S 1723']","['112 S 3220', '112 S 1931', '112 HR 3630', '112 S 2230', '112 S 1660', '112 HR 674', '112 S 1944', '112 S 1723', '112 S 2343', '112 S 1789']",-,-,"['112 SJRES 25', '112 HJRES 98', '112 S 3220', '112 HCONRES 36', '112 SJRES 36', '112 HCONRES 35', '112 S 3369', '112 S 2237', '112 HR 5949', '112 S 1789']","['112 S 3220', '112 HR 3630', '112 S 1931', '112 S 2230', '112 S 1660', '112 HR 674', '112 S 1789', '112 S 2237', '112 HR 8', '112 S 1944']",-,-,Kelly Ayotte has voted four times against the federal Paycheck Fairness Act,A000368,42@75
76,"Says he ""was the only Republican"" to vote against creating a House panel to investigate Planned Parenthood.",https://www.politifact.com/factchecks/2016/apr/26/david-jolly/us-rep-david-jolly-says-he-voted-against-house-pla/,U.S. Rep. David Jolly was the only Republican to vote against creating a House panel to investigate Planned Parenthood,['114 HRES 461'],no_bills,no_bills,-,-,no_bills,no_bills,-,-,U.S. Rep. David Jolly was the only Republican to vote against creating a House panel to investigate Planned Parenthood,J000296,62@118
77,"SaysÂ Bernie Sanders ""voted for what we call the 'Charleston Loophole.'""",https://www.politifact.com/factchecks/2016/jan/18/hillary-clinton/fact-checking-hillary-clintons-claim-bernie-sander/,Bernie Sanders voted for what we call the Charleston Loophole,['103 HR 1025'],"['107 HRES 440', '106 HRES 419', '107 HRES 104', '106 HRES 519', '107 HRES 111', '107 HRES 521', '102 HRES 402', '106 HRES 274', '102 HRES 374', '102 HRES 609']","['106 HCONRES 208', '106 HR 4892', '106 HRES 492', '105 HR 3717', '104 HRES 128', '112 S 940', '106 HRES 519', '107 HRES 440', '107 HRES 435', '107 HRES 111']",-,-,"['117 SCONRES 43', '117 S 5355', '105 HR 3717', '107 HRES 111', '107 HRES 104', '107 HRES 141', '109 HRES 219', '105 HRES 90', '105 HRES 143', '104 HRES 119']","['105 HR 3717', '106 HCONRES 208', '106 HRES 492', '117 SCONRES 43', '117 S 5355', '106 HR 4892', '104 HRES 270', '104 HRES 261', '104 HRES 257', '106 HRES 519']",-,-,Bernie Sanders voted for what we call the Charleston Loophole,S000033,25@61
78,"""Marco Rubio voted against authorizing President Obama to strike Syria after Assad used chemical weapons on his own people.""",https://www.politifact.com/factchecks/2016/jan/07/hillary-clinton/hillary-clintons-syrian-air-strikes-claim-against-/,Marco Rubio voted against authorizing President Obama to strike Syria after Assad used chemical weapons on his own people,['113 SJRES 21'],"['112 S 3576', '112 SJRES 41', '112 HJRES 98', '112 SJRES 25', '117 SJRES 31', '117 SJRES 35', '117 HR 7108', '112 SRES 159', '117 S 1605', '112 SRES 14']","['112 S 3576', '112 HJRES 98', '112 SJRES 25', '112 SJRES 41', '117 S 3436', '117 SJRES 31', '117 HR 7108', '117 SJRES 35', '112 HR 6156', '117 HR 6968']",-,-,"['117 S 5355', '117 SCONRES 43', '112 SJRES 25', '112 HJRES 98', '117 SJRES 63', '117 SJRES 38', '117 SJRES 35', '112 SJRES 41', '112 S 3576', '117 SJRES 33']","['112 HJRES 98', '112 SJRES 25', '112 S 3576', '117 SJRES 31', '117 SJRES 35', '112 SJRES 41', '117 S 3436', '117 HR 7108', '112 HR 3078', '117 SJRES 38']",-,-,Marco Rubio voted against authorizing President Obama to strike Syria after Assad used chemical weapons on his own people,R000595,26@121
