sno,claim,url,claim_entered,sourced_bills,msmarco-MiniLM-L-6-v3,msmarco-MiniLM-L-12-v3,msmarco-distilbert-base-v3,msmarco-distilbert-base-v4,msmarco-roberta-base-v3,msmarco-distilbert-base-dot-prod-v3,msmarco-roberta-base-ance-firstp,msmarco-distilbert-base-tas-b,bm25Okapi,bm25L,bm25Plus
0,âAshley Hinson voted against the bipartisan infrastructure bill that made this money (for Iowa's locks and dams) possible. Once again sheâs taking credit for work she didnât do.â,https://www.politifact.com/factchecks/2022/jan/21/liz-mathis/hinson-joined-letter-iowa-lock-and-dam-money-she-d/,Ashley Hinson voted against the bipartisan infrastructure bill that made this money (for Iowa's locks and dams) possible,"['117 HR 3684', '117 HR 5305', '117 HR 5376']",-,-,-,-,-,-,-,"['117 HR 3684', '117 S 3451', '117 HR 5689', '117 HRES 380', '117 HR 5315', '117 HR 8294', '117 HRES 1499', '117 HR 4373', '117 HRES 601', '117 HR 4502']","['116 HR 4659', '116 HR 4659', '114 HCONRES 66', '114 HCONRES 66', '113 SRES 139', '116 HRES 1066', '116 SRES 661', '117 SRES 348', '117 HRES 552', '117 S 3450']","['113 HR 4304', '113 S 696', '114 HR 5394', '108 S 1050', '108 S 14', '109 HR 4', '113 HR 4034', '112 HR 4271', '113 HR 15', '114 S 2902']","['116 HR 4659', '116 HR 4659', '117 S 3450', '116 HRES 1066', '116 SRES 661', '113 SRES 139', '114 HCONRES 66', '114 HCONRES 66', '117 SRES 348', '117 HRES 552']"
1,Chuck Grassley was âvoting to slash Medicareâ when voting against the debt ceiling bill.,https://www.politifact.com/factchecks/2021/dec/17/abby-finkenauer/context-needed-grassley-comment-about-medicare-vot/,Chuck Grassley was voting to slash Medicare when voting against the debt ceiling bill,"['117 S 610', '117 S 1844', '117 HR 5099', '117 S 935', '112 HCONRES 112', '112 SCONRES 44', '112 SCONRES 44', '113 SCONRES 8', '117 HR 1868']",-,-,-,-,-,-,-,"['101 S 1726', '110 S 3101', '108 HR 1', '108 S 1', '111 S 1776', '111 HR 4872', '103 S 2351', '117 S 610', '110 HR 6331', '117 HR 1868']","['117 SRES 7', '116 SRES 3', '116 SRES 5', '116 SRES 4', '117 S 4', '117 HR 4', '116 HR 1799', '116 HR 4', '114 HR 6073', '113 S 2399']","['112 HR 6645', '114 HR 6073', '117 S 4', '110 S 1487', '108 S 1050', '113 S 2399', '116 HR 1799', '115 HR 1907', '112 HR 5799', '112 S 3608']","['117 SRES 7', '116 SRES 3', '116 SRES 5', '116 SRES 4', '117 S 4', '117 HR 4', '117 HR 1071', '118 S 1677', '116 HR 1799', '116 HR 4']"
2,"Ashley Hinsonâs and Mariannette Miller-Meeksâ no votes on the infrastructure bill are ""denying rural Iowa broadband internet.""",https://www.politifact.com/factchecks/2021/nov/22/dave-loebsack/tweet-claiming-hinson-and-miller-meeks-denied-iowa/,Ashley Hinson voted no on the infrastructure bill which led to denying rural Iowa broadband internet,"['117 HR 3684', '117 HR 3684']",-,-,-,-,-,-,-,"['117 HR 3193', '117 S 3451', '117 HR 3684', '117 S 2796', '117 HR 6270', '117 HR 4521', '117 HR 4032', '117 HR 1319', '117 HR 4055', '117 HR 5315']","['115 HR 6073', '115 HR 6073', '117 HR 4374', '116 HR 8368', '115 HR 4817', '117 S 1676', '116 HR 7447', '116 HR 7447', '116 S 2866', '109 HR 1479']","['108 S 1050', '113 HR 4304', '109 HR 4', '108 S 14', '110 HR 2174', '111 S 2880', '111 HR 4545', '110 HR 2174', '116 HR 7205', '117 HR 4374']","['117 HR 4374', '115 HR 6073', '115 HR 6073', '117 S 1676', '116 HR 8368', '115 HR 4817', '116 S 3094', '116 S 2866', '117 HR 4383', '118 HR 922']"
3,"Ashley Hinsonâs and Mariannette Miller-Meeksâ no votes on the infrastructure bill are ""denying rural Iowa broadband internet.""",https://www.politifact.com/factchecks/2021/nov/22/dave-loebsack/tweet-claiming-hinson-and-miller-meeks-denied-iowa/,Mariannette Miller-Meeks voted no on the infrastructure bill which led to denying rural Iowa broadband internet,"['117 HR 3684', '117 HR 3684']",-,-,-,-,-,-,-,"['117 HR 3193', '117 S 3451', '117 HR 3684', '117 S 2796', '117 HR 6270', '117 HR 4521', '117 HR 4032', '117 HR 1319', '117 HR 4055', '117 HR 5315']","['115 HR 6073', '115 HR 6073', '117 HR 4374', '116 HR 8368', '115 HR 4817', '117 S 1676', '116 HR 7447', '116 HR 7447', '116 S 2866', '109 HR 1479']","['108 S 1050', '113 HR 4304', '109 HR 4', '108 S 14', '110 HR 2174', '111 HR 4545', '111 S 2880', '110 HR 2174', '116 HR 7205', '117 HR 4374']","['117 HR 4374', '115 HR 6073', '115 HR 6073', '117 S 1676', '116 HR 8368', '115 HR 4817', '116 S 3094', '116 S 2866', '118 HR 922', '117 HR 4383']"
4,"Says he worked to pass the 2018 farm bill âthat helped farmers, invest(ed) in rural broadband, and added work requirements for able-bodied adults, Budd voted NO.â",https://www.politifact.com/factchecks/2021/aug/03/mark-walker/trumps-farm-bill-food-stamps-and-north-carolinas-g/,"Budd voted to pass the 2018 farm bill that helped farmers, invest(ed) in rural broadband, and added work requirements for able-bodied adults","['115 HR 2', '115 HR 2']",-,-,-,-,-,-,-,no_bill_found,"['117 HR 8014', '118 S 39', '116 HR 5349', '108 HR 4696', '108 HR 4696', '108 HR 4696', '110 HR 3044', '116 HR 2809', '117 HR 1753', '118 HR 1551']","['108 S 1050', '113 HR 4304', '113 HR 15', '108 S 14', '113 S 696', '109 HR 4', '112 HR 3630', '113 HR 2498', '113 S 744', '113 S 954']","['117 HR 8014', '116 HR 5349', '116 HR 2809', '117 HR 1753', '118 S 39', '115 S 2959', '109 HR 4897', '114 HR 4849', '115 HR 3667', '110 HR 3044']"
5,"Says he worked to pass the 2018 farm bill âthat helped farmers, invest(ed) in rural broadband, and added work requirements for able-bodied adults, Budd voted NO.â",https://www.politifact.com/factchecks/2021/aug/03/mark-walker/trumps-farm-bill-food-stamps-and-north-carolinas-g/,"Marl Walker voted to pass the 2018 farm bill that helped farmers, invest(ed) in rural broadband, and added work requirements for able-bodied adults","['115 HR 2', '115 HR 2']",-,-,-,-,-,-,-,no_bill_found,"['117 HR 8014', '118 S 39', '116 HR 5349', '108 HR 4696', '108 HR 4696', '108 HR 4696', '110 HR 3044', '116 HR 2809', '117 HR 1753', '118 HR 1551']","['108 S 1050', '113 HR 4304', '113 HR 15', '108 S 14', '113 S 696', '109 HR 4', '112 HR 3630', '113 HR 2498', '113 S 744', '113 S 954']","['117 HR 8014', '116 HR 5349', '116 HR 2809', '117 HR 1753', '118 S 39', '115 S 2959', '109 HR 4897', '114 HR 4849', '115 HR 3667', '110 HR 3044']"
6,Sen. Raphael Warnock âvoted for welfare for politicians plan. Up to $25 million of government money for Warnockâs own political campaign.â,https://www.politifact.com/factchecks/2021/jun/25/national-republican-senatorial-committee/republicans-mislead-welfare-attack-raphael-warnock/,Sen. Raphael Warnock voted for welfare for politicians plan,"['117 S 2093', '117 S 1']",-,-,-,-,-,-,-,"['117 S 2093', '117 S 1', '117 HR 3237', '117 HR 4373', '117 HR 3076', '117 S 4822', '117 S 2747', '117 HR 4521', '117 S 1260', '117 HR 5746']","['110 HR 5466', '110 HRES 618', '116 HR 5755', '109 HR 3576', '108 HR 2437', '109 HR 5640', '108 SRES 261', '117 HR 6449', '117 HR 8954', '109 S 2164']","['109 HR 4', '108 S 1050', '112 HR 3630', '113 HR 15', '113 S 1979', '113 HR 5828', '108 S 14', '113 HR 4304', '112 HR 7', '113 HR 2117']","['108 SRES 261', '110 HRES 618', '116 HR 5755', '117 HR 8954', '117 HR 4044', '115 S 1964', '110 HR 5466', '109 HR 3576', '115 HR 4526', '117 HRES 945']"
7,"Says U.S. Rep. Ann Wagner âvoted five times against protecting pre-existing conditions.""",https://www.politifact.com/factchecks/2020/oct/29/jill-schupp/did-ann-wagner-vote-repeal-pre-existing-conditions/,U.S. Rep. Ann Wagner voted five times against protecting pre-existing conditions,"['116 HRES 5', '116 HR 986', '113 HCONRES 25', '113 HCONRES 96', '114 HR 596', '114 HCONRES 27']",-,-,-,-,-,-,-,"['117 HR 2499', '117 HR 8466', '117 HR 5324', '117 HR 3755', '117 HR 1916', '117 HR 8296', '117 HR 1065', '117 HRES 1224', '117 HR 5673', '117 HRES 1097']","['115 S 3388', '115 HR 6898', '117 HR 599', '117 HR 599', '116 S 4506', '117 SRES 26', '117 SRES 26', '113 HR 4496', '115 HRES 1066', '109 HRES 656']","['113 HR 15', '113 S 744', '114 HR 3667', '112 HR 4271', '113 HR 3155', '112 HR 4982', '112 S 1848', '112 HR 2829', '112 S 2338', '112 HR 4221']","['115 S 3388', '115 HR 6898', '117 HR 599', '117 HR 599', '116 S 4506', '117 SRES 26', '117 SRES 26', '113 HR 4496', '115 HRES 1066', '109 HRES 656']"
8,Upton âvoted a dozen times to kick thousands of Michigan families off their health insurance and eliminate protections for preexisting conditionsâ,https://www.politifact.com/factchecks/2020/oct/28/jon-hoadley/upton-voted-dozen-times-support-repealing-affordab/,Upton voted a dozen times to kick thousands of Michigan families off their health insurance and eliminate protections for preexisting conditions,"['111 HR 3590', '112 HCONRES 34', '112 HCONRES 112', '113 HCONRES 25', '113 HCONRES 96', '114 HCONRES 27', '114 SCONRES 11', '116 HRES 271']",-,-,-,-,-,-,-,no_bill_found,"['116 HR 4159', '115 HR 5155', '111 HR 1558', '115 S 3388', '113 HR 5328', '110 HR 2833', '110 HR 2833', '115 HR 628', '111 S 623', '114 HR 596']","['112 HR 3630', '108 S 1050', '113 HR 15', '113 HR 4304', '109 HR 4', '108 S 14', '113 S 696', '111 HR 3962', '113 S 744', '113 HR 4034']","['116 HR 4159', '115 S 3388', '115 HR 5155', '115 HR 6898', '116 HR 692', '117 HR 892', '114 HR 596', '113 HR 5328', '115 HR 628', '115 HR 6496']"
9,Abigail Spanberger and other Democrats âvoted to spend public funds on their political campaigns; up to $5 million...â,https://www.politifact.com/factchecks/2020/oct/20/nick-freitas/did-spanberger-other-house-democrats-vote-use-publ/,Abigail Spanberger voted to spend public funds on their political campaigns,['116 HR 1'],-,-,-,-,-,-,-,"['117 HR 1', '117 HR 5746', '117 HR 5314', '117 S 272', '117 HR 22', '117 HR 1187', '117 S 1064', '117 HR 1652', '117 HR 1996', '117 HR 6531']","['111 HR 4550', '116 HR 8360', '110 HR 1482', '111 HR 726', '109 HR 958', '113 HR 3586', '115 S 3398', '114 HR 3916', '112 HR 1024', '113 HR 3480']","['114 HR 5394', '108 S 1050', '113 HR 4304', '108 S 14', '109 HR 4', '112 HR 7', '113 S 1094', '111 HR 5745', '113 S 1660', '112 HR 12']","['116 HR 8360', '111 HR 4550', '115 S 3398', '114 HR 3916', '113 HR 3480', '112 HR 1024', '111 HR 6138', '111 HR 726', '110 HR 1482', '114 HR 153']"
10,"Says ""David Schweikert took over $120,000 from the drug industry and voted against legislation to lower prescription drug prices.""",https://www.politifact.com/factchecks/2020/oct/19/afscme/arizona-house-race-attack-ad-zeroes-prescription-d/,"David Schweikert took over $120,000 from the drug industry and voted against legislation to lower prescription drug prices",['116 HR 19'],-,-,-,-,-,-,-,"['117 HR 7667', '112 HR 5651', '112 HR 436', '117 HR 7790', '117 HR 2355', '117 HR 654', '117 HR 7688', '117 HR 5376', '117 HR 3743', '117 HRES 1017']","['116 S 3129', '115 S 348', '116 S 3384', '117 SRES 151', '110 S 3', '114 S 2858', '116 HR 19', '115 HR 1775', '116 HR 5501', '116 S 3162']","['108 S 1050', '115 HR 5554', '113 HR 4304', '108 S 14', '108 S 1992', '114 HR 5394', '109 HR 4', '112 S 3187', '113 HR 15', '112 HR 5651']","['110 S 3', '116 S 3129', '116 S 3384', '114 S 2858', '115 S 348', '116 HR 5501', '116 S 3162', '117 SRES 151', '116 HR 19', '115 HR 1775']"
11,"Says Doug Jones ""has voted to spend our tax dollars on late-term abortions"" and ""supports abortion up until birth.""",https://www.politifact.com/factchecks/2020/oct/14/tommy-tuberville/tommy-tuberville-wrong-twice-attack-alabama-sen-do/,Doug Jones has voted to spend our tax dollars on late-term abortions and supports abortion up until birth,['116 S 109'],-,-,-,-,-,-,-,no_bill_found,"['117 HR 8814', '117 HR 8814', '114 HR 7', '114 HR 7', '111 HRES 94', '117 S 86', '117 S 86', '115 HR 7', '115 HR 7', '118 HR 12']","['113 HR 1', '109 HR 4', '108 S 1050', '113 HR 4304', '113 HR 15', '110 HR 7060', '108 S 14', '113 HR 5771', '113 S 744', '113 S 2260']","['117 HR 8814', '117 HR 8814', '114 HR 7', '114 HR 7', '117 S 86', '117 S 86', '117 HR 6465', '116 HR 2373', '111 HRES 94', '115 HR 7']"
12,Says Martha McSally âvoted to take away money from Fort Huachuca to pay for the border wall.â,https://www.politifact.com/factchecks/2020/oct/14/mark-kelly/kellys-claim-mcsally-voted-take-money-az-military-/,Martha McSally voted to take away money from Fort Huachuca to pay for the border wall,"['116 HJRES 46', '116 SJRES 54']",-,-,-,-,-,-,-,no_bill_found,"['116 HR 256', '117 HR 416', '117 HR 416', '113 HRES 736', '115 HR 7304', '118 HR 1531', '110 HRES 52', '116 HR 3717', '116 HR 85', '117 HR 58']","['108 S 1050', '113 HR 15', '113 HR 4304', '109 HR 4', '113 S 744', '108 S 14', '114 HR 5394', '112 HR 3630', '113 S 696', '112 HR 7']","['113 HRES 736', '116 HR 256', '117 HR 416', '117 HR 416', '115 HR 7304', '117 HR 2390', '116 S 2848', '115 HRES 225', '108 S 1823', '115 HR 5876']"
13,"Says âLucy McBath voted to release criminals from prison. Murderers, rapists.â",https://www.politifact.com/factchecks/2020/oct/12/national-republican-congressional-committee/lucy-mcbath-didnt-vote-release-murderers-rapists-p/,Lucy McBath voted to release criminals from prison,['116 HR 6800'],-,-,-,-,-,-,-,"['117 HR 983', '117 HR 4250', '117 S 3846', '117 HR 55', '117 HR 5911', '117 HR 1280', '117 HR 5455', '117 HRES 760', '117 S 937', '117 HRES 134']","['116 HR 3387', '117 HR 3963', '117 HR 3963', '117 HR 929', '117 HR 929', '113 HR 4074', '112 HR 6382', '112 HR 74', '111 HR 2450', '114 HR 6097']","['108 S 1050', '114 HR 5394', '113 HR 4304', '109 HR 4', '113 HR 15', '108 S 14', '113 S 696', '112 HR 3630', '108 S 1435', '113 HR 3895']","['116 HR 3387', '117 HR 929', '117 HR 929', '114 S 2231', '116 S 3035', '117 HR 3963', '117 HR 3963', '113 HR 4074', '112 HR 6382', '108 HRES 302']"
14,Says Joe Cunningham voted for $5 million in taxpayer funds to go into his and other politiciansâ campaigns to pay for personal expenses and TV ads.,https://www.politifact.com/factchecks/2020/oct/12/nancy-mace/sc-rep-cunningham-did-not-vote-5m-tax-funds-go-cam/,Joe Cunningham voted for $5 million in taxpayer funds to go into his and other politicians campaigns to pay for personal expenses and TV ads,['116 HR 1'],-,-,-,-,-,-,-,no_bill_found,"['116 HR 6500', '116 HR 6500', '109 HRES 185', '116 HR 4931', '116 HR 1827', '117 S 141', '116 S 73', '116 HR 8399', '115 S 2478', '109 HR 4440']","['108 S 1050', '114 HR 5394', '113 HR 4304', '108 S 14', '113 HR 15', '109 HR 4', '113 HR 4034', '112 HR 3630', '112 HR 7', '113 S 744']","['116 HR 6500', '116 HR 6500', '109 HRES 185', '116 HR 1827', '117 S 141', '116 HR 8399', '116 S 73', '115 S 2478', '118 S 500', '116 HR 5956']"
15,Says Kamala Harris and other Democratic senators âvoted to let babies scream until they die if born alive.â,https://www.politifact.com/factchecks/2020/sep/01/viral-image/facebook-post-mischaracterizes-democratic-senators/,Kamala Harris voted to let babies scream until they die if born alive,"['116 S 311', '107 HR 2175']",-,-,-,-,-,-,-,no_bill_found,"['117 HRES 679', '117 HRES 1002', '117 HRES 1002', '116 HR 8923', '116 HR 962', '116 HR 962', '116 S 311', '117 HR 619', '117 HR 619', '117 HR 619']","['108 S 1050', '109 HR 4', '113 HR 4304', '113 HR 15', '112 HR 3630', '108 S 14', '113 S 696', '113 S 744', '116 HR 8923', '116 HR 962']","['117 HRES 679', '117 HRES 1002', '117 HRES 1002', '116 HR 8923', '116 HR 962', '116 HR 962', '116 S 311', '117 HR 619', '117 HR 619', '117 HR 619']"
16,Sen. Steve Daines âvoted to give billions in tax breaks to big drug companies even as they raised prices.â,https://www.politifact.com/factchecks/2020/aug/25/duty-and-honor/misleading-ad-montana-senate-race-casts-steve-dain/,Sen. Steve Daines voted to give billions in tax breaks to big drug companies even as they raised prices,['116 S 2543'],-,-,-,-,-,-,-,"['117 HR 5376', '117 SJRES 33', '117 S 1301', '117 S 4822', '117 S 4008', '117 HR 4346', '117 S 610', '117 HR 1799', '117 HR 1652', '117 HR 6617']","['117 HR 6392', '113 S 8', '116 HR 6408', '116 HR 6408', '117 S 2837', '108 S 2714', '117 HR 4811', '108 S 1999', '108 HR 2409', '116 HR 1093']","['113 HR 1', '109 HR 4', '108 S 1050', '113 HR 4304', '110 HR 7060', '113 HR 5771', '112 HR 3630', '113 S 696', '108 S 14', '113 S 2260']","['116 HR 4711', '113 S 8', '117 HR 6392', '108 S 1999', '113 HR 1450', '113 HR 1450', '108 S 2714', '117 HR 4811', '117 S 2837', '116 S 378']"
17,Says Rep. Elissa Slotkin âvoted against condemning cyber attacks by the Chinese Communist Party on American organizations developing COVID-19 treatments.â,https://www.politifact.com/factchecks/2020/aug/24/paul-junge/fact-check-junge-says-slotkin-voted-against-condem/,Rep. Elissa Slotkin voted against condemning cyber attacks by the Chinese Communist Party on American organizations developing COVID-19 treatments,"['116 HRES 1031', '116 HRES 1028', '116 HR 2', '116 HR 6395']",-,-,-,-,-,-,-,"['117 HR 7314', '117 HRES 317', '117 S 937', '117 HRES 414', '117 HRES 473', '117 HR 1319', '117 HR 4521', '117 HRES 130', '117 HRES 8', '117 HR 4738']","['118 HCONRES 48', '117 HR 5431', '117 HR 5431', '116 HR 7937', '117 HR 2329', '117 HR 6686', '113 HR 5103', '116 HRES 922', '117 HR 6650', '117 HR 6650']","['113 HR 4304', '108 S 1050', '109 HR 4', '112 S 3414', '114 HR 5394', '112 S 21', '112 HR 4271', '109 HR 5222', '112 S 813', '114 HR 9']","['118 HCONRES 48', '117 HR 5431', '117 HR 5431', '117 HR 6686', '116 HR 7937', '117 HR 2329', '116 HRES 922', '117 S 2933', '117 S 4820', '113 HR 5103']"
18,"Says U.S. Rep. Dan Lipinski âvoted against the DREAM Act, supports separating families and banning Muslims.â",https://www.politifact.com/factchecks/2020/mar/08/rush-darwish/challengers-account-lipinskis-immigration-record-f/,"U.S. Rep. Dan Lipinski voted against the DREAM Act, supports separating families and banning Muslims","['111 HR 5281', '116 HR 6', '116 HR 541', '116 HR 2214']",-,-,-,-,-,-,-,"['111 S 987', '111 HRES 534', '110 HRES 1069', '110 HRES 1276', '109 HR 4681', '110 HRES 377', '110 HRES 635', '111 HRES 877', '111 SCONRES 45', '111 HR 5281']","['115 HR 6193', '112 S 6', '112 HRES 521', '112 HRES 521', '111 HRES 1288', '109 HRES 368', '117 SRES 505', '110 HRES 665', '108 SRES 15', '114 HRES 569']","['113 HR 15', '113 HR 4304', '108 S 1050', '113 S 744', '113 HR 4034', '108 S 14', '112 HR 4271', '112 HR 4982', '111 HR 1105', '112 HR 3671']","['111 HR 2498', '115 HR 6193', '112 S 6', '110 HRES 665', '109 HRES 807', '111 HRES 1288', '112 HRES 521', '112 HRES 521', '108 SRES 15', '118 HR 593']"
19,"Says Sen. Thom Tillis voted to ""take away"" coverage for people with pre-existing conditions.",https://www.politifact.com/factchecks/2020/mar/02/cal-cunningham/cunningham-says-tills-voted-take-away-coverage-pre/,Sen. Thom Tillis voted to take away coverage for people with pre-existing conditions,['115 S 3388'],-,-,-,-,-,-,-,"['117 HR 3755', '117 S 4132', '117 HR 6617', '117 HR 6119', '117 SJRES 41', '117 HR 5305', '117 HR 1868', '117 SJRES 39', '117 HR 5746', '117 S 610']","['115 S 3388', '115 HR 6898', '111 HR 3741', '113 HR 5328', '115 HR 628', '116 HRES 280', '113 HR 4496', '115 HRES 225', '115 HRES 1066', '117 HR 2149']","['108 S 1050', '113 HR 4304', '112 HR 3630', '108 S 14', '113 HR 15', '109 HR 4', '113 S 696', '113 S 744', '112 HR 7', '113 HR 4034']","['115 S 3388', '115 HR 6898', '113 HR 4496', '116 S 4506', '113 HR 5328', '115 HR 628', '116 HRES 280', '111 HR 3741', '115 HRES 1066', '114 SRES 85']"
20,"""Not once in his entire career in Washington, D.C., which started way back in 1991, has Democratic Socialist Bernie Sanders ever voted yes on sanctions against Russia.""",https://www.politifact.com/factchecks/2020/feb/27/tweets/dating-back-1991-and-his-time-house-bernie-sanders/,Bernie Sanders never voted yes on sanctions against Russia,['114 S 284'],-,-,-,-,-,-,-,"['117 SCONRES 43', '117 S 5355', '107 HRES 354', '117 HR 4346', '105 HR 748', '108 HR 1307', '107 HR 5557', '108 HR 3288', '107 HR 2884', '110 S 3297']","['115 S 3275', '115 HR 5428', '115 SRES 582', '117 HR 7066', '116 HRES 474', '110 HCONRES 257', '117 HR 7429', '117 S 3867', '117 HR 6842', '118 SRES 72']","['113 S 1881', '112 S 1472', '112 HR 1905', '114 S 792', '114 S 269', '117 S 3513', '112 HR 4271', '111 HR 2194', '115 HR 3364', '113 S 1714']","['115 S 3275', '115 HR 5428', '116 HRES 474', '115 SRES 582', '118 SRES 72', '117 HR 6842', '117 HR 7066', '117 S 3867', '117 HR 7429', '117 S 3513']"
21,"Rep. Ilhan Omar ""voted yes"" to ""provide further funding for the 9/11 First Responders Victims Fund"" while Sen. Rand Paul ""voted no.""",https://www.politifact.com/factchecks/2019/jul/24/facebook-posts/facebook-post-compares-votes-rand-paul-ilhan-omar-/,Sen. Rand Paul voted no to provide further funding for the 9/11 First Responders Victims Fund,"['116 HR 1327', '116 S 546', '116 HR 1327', '116 S 546']",-,-,-,-,-,-,-,"['117 HR 1652', '112 S 1723', '117 HR 3237', '117 S 2938', '117 HR 6119', '112 HR 1', '112 HR 1473', '117 HR 6833', '117 HR 6617', '117 HR 5305']","['117 HR 8648', '117 HR 8648', '117 HR 5230', '112 HR 1455', '109 HR 1093', '110 HR 1638', '114 HR 3858', '113 HR 3081', '115 SRES 575', '113 HR 5503']","['108 S 1050', '109 HR 4', '113 HR 4304', '112 HR 3630', '112 HR 4271', '108 S 14', '112 HR 4982', '113 HR 15', '114 HR 5394', '112 HR 7']","['117 HR 8648', '117 HR 8648', '112 HR 1455', '117 HR 5230', '116 HR 6003', '109 HR 1093', '115 SRES 575', '114 HR 3858', '109 HRES 269', '111 HR 3402']"
22,"Rep. Ilhan Omar ""voted yes"" to ""provide further funding for the 9/11 First Responders Victims Fund"" while Sen. Rand Paul ""voted no.""",https://www.politifact.com/factchecks/2019/jul/24/facebook-posts/facebook-post-compares-votes-rand-paul-ilhan-omar-/,Rep. Ilhan Omar voted yes to provide further funding for the 9/11 First Responders Victims Fund,"['116 HR 1327', '116 S 546', '116 HR 1327', '116 S 546']",-,-,-,-,-,-,-,"['117 HR 1652', '117 S 1511', '117 S 3846', '117 HR 3237', '117 HR 3807', '117 S 2938', '117 HR 2379', '117 HR 2278', '117 HR 4133', '117 HR 2119']","['117 HR 8648', '117 HR 8648', '117 HR 5230', '118 HRES 76', '112 HR 1455', '109 HR 1093', '116 HRES 241', '110 HR 1638', '114 HR 3858', '114 HR 1794']","['108 S 1050', '109 HR 4', '113 HR 4304', '112 HR 3630', '112 HR 4271', '112 HR 4982', '108 S 14', '113 HR 15', '114 HR 5394', '112 HR 7']","['118 HRES 76', '117 HR 8648', '117 HR 8648', '116 HRES 241', '117 HRES 474', '112 HR 1455', '117 HR 5230', '116 HR 6003', '114 HR 1794', '114 HR 1794']"
23,"Says Joe Biden ""voted for the Iraq War, for mass incarceration, and for the Bankruptcy Reform Act while voting against gay marriage, reproductive rights, and school desegregation.""",https://www.politifact.com/factchecks/2019/apr/26/justice-democrats/biden-draws-barbs-progressive-democratic-organizat/,"Joe Biden voted for the Iraq War, for mass incarceration, and for the Bankruptcy Reform Act while voting against gay marriage, reproductive rights, and school desegregation","['100 HR 05210', '103 HR 3355', '109 S 256']",-,-,-,-,-,-,-,"['108 S 762', '109 HR 1268', '109 S 256', '110 HR 2206', '110 HR 4156', '107 S 420', '108 S 1689', '110 HR 1591', '110 S 2340', '107 HR 333']","['114 HR 6484', '115 HR 1055', '108 SJRES 9', '108 HJRES 24', '117 HR 8835', '117 HR 8835', '114 HR 4208', '114 HR 4208', '108 HR 4649', '117 HR 9040']","['108 S 1050', '113 HR 4304', '108 S 14', '113 HR 15', '109 HR 4', '112 HR 3630', '113 HR 4034', '113 S 744', '112 HR 7', '113 HR 2498']","['117 HRES 377', '109 HRES 72', '109 HR 358', '117 HR 8835', '117 HR 8835', '108 SJRES 9', '108 HJRES 24', '110 HRES 1345', '108 HRES 799', '114 HR 6484']"
24,"Says ""Bob Casey voted in favor of deadly sanctuary cities that released thousands upon thousands of illegal alien criminals and vicious gang members to prey on PennsylvaniaÂ streets, to prey all over this country.""",https://www.politifact.com/factchecks/2018/oct/31/donald-trump/donald-trumps-wild-number-sanctuary-city-criminal-/,"Bob Casey voted in favor of deadly sanctuary cities that released thousands upon thousands of illegal alien criminals and vicious gang members to prey on Pennsylvania streets, to prey all over this country","['115 HR 1236', '115 S 303']",-,-,-,-,-,-,-,no_bill_found,"['111 SRES 449', '111 SRES 449', '109 S 2061', '109 HR 1576', '109 HR 1576', '109 HR 1576', '109 HR 1576', '109 HR 1576', '115 HR 5663', '110 HRES 351']","['113 HR 15', '113 HR 4304', '108 S 1050', '113 S 744', '108 S 14', '109 HR 4', '113 S 696', '112 HR 3630', '113 HR 4034', '114 HR 2898']","['109 HR 1576', '109 HR 1576', '109 HR 1576', '109 HR 1576', '109 HR 1576', '114 HR 4582', '109 SRES 523', '111 SRES 449', '111 SRES 449', '115 HR 5663']"
25,"""George Holding has voted 13 times to deny Kevin, and the 300,000 people like him in the 2nd Congressional District, coverage"" for their pre-existing conditions.",https://www.politifact.com/factchecks/2018/oct/29/linda-coleman/holding-voted-quite-consistently-healthcare-bills/,"George Holding has voted 13 times to deny Kevin, and the 300,000 people like him in the 2nd Congressional District, coverage for their pre-existing conditions","['113 HR 45', '113 HR 2009', '113 HCONRES 25', '113 HCONRES 96', '114 HR 596', '114 HCONRES 27', '114 SCONRES 11', '114 HR 3762']",-,-,-,-,-,-,-,no_bill_found,"['113 HR 5328', '115 HR 628', '109 HCONRES 331', '110 HRES 585', '109 SRES 370', '109 HRES 384', '111 HR 3741', '109 HCONRES 149', '115 S 3388', '114 HR 2085']","['108 S 1050', '113 HR 4304', '113 HR 15', '108 S 14', '109 HR 4', '113 S 744', '112 HR 3630', '113 S 696', '113 HR 4034', '112 HR 7']","['115 S 3388', '110 HRES 585', '116 S 4506', '115 HR 6898', '113 HR 4496', '113 HR 5328', '115 HR 628', '109 HCONRES 331', '109 SRES 370', '116 HRES 280']"
26,"Says Beto OâRourke ""voted to shield MS-13 gang members from deportation.""",https://www.politifact.com/factchecks/2018/oct/25/donald-trump/mostly-false-donald-trump-claim-beto-orourke-voted/,Beto O Rourke voted to shield MS-13 gang members from deportation,['115 HR 3697'],-,-,-,-,-,-,-,no_bill_found,"['110 HR 3922', '115 HR 1924', '117 HR 1995', '116 HR 1106', '111 HR 1022', '112 HR 928', '110 HR 3474', '108 S 2333', '110 HR 1582', '110 HR 1582']","['108 S 1050', '114 HR 5394', '110 HR 3922', '113 HR 4304', '109 HR 4', '111 S 132', '113 HR 15', '108 S 14', '115 S 2380', '110 HR 1582']","['110 HR 3922', '115 HR 1924', '117 HR 1995', '116 HR 1106', '108 S 2333', '117 HRES 945', '115 S 2380', '110 S 1728', '109 HRES 731', '109 HRES 731']"
27,"Says Ted Budd ""voted to gut protections for pre-existing conditions â¦ letting insurance companies deny coverage for (necessary) treatment.""",https://www.politifact.com/factchecks/2018/oct/22/kathy-manning/fact-checking-kathy-mannings-ad-ted-budd-and-pre-e/,Ted Budd voted to gut protections for pre-existing conditions letting insurance companies deny coverage for (necessary) treatment,['115 HR 1628'],-,-,-,-,-,-,-,"['117 HR 1916', '117 HR 3755', '117 HR 8296', '117 HR 3110', '117 HR 1065', '117 HR 2499', '117 HR 239', '117 S 958', '117 HR 6087', '117 HR 3630']","['116 HRES 280', '115 S 3388', '115 HR 6898', '113 HR 5328', '111 HR 3741', '115 HR 628', '113 HR 544', '115 HRES 1066', '111 HR 3424', '111 HR 3424']","['112 HR 3630', '108 S 1050', '109 HR 4', '113 S 1926', '108 S 14', '113 HR 15', '112 S 1940', '113 HR 4304', '113 HR 2498', '111 HR 3962']","['116 HRES 280', '115 S 3388', '115 HR 6898', '113 HR 5328', '115 HR 628', '115 HRES 1066', '116 S 4506', '111 HR 3741', '116 HR 4159', '113 HR 544']"
28,"Says Dave Brat ""voted against protecting pre-existing conditions.""",https://www.politifact.com/factchecks/2018/oct/11/abigail-spanberger/spanberger-ad-exaggerates-brats-vote-pre-existing-/,Dave Brat voted against protecting pre-existing conditions,['115 HR 1628'],-,-,-,-,-,-,-,no_bill_found,"['115 S 3388', '115 HR 6898', '117 HR 599', '117 HR 599', '116 S 4506', '113 HR 4496', '115 HRES 1066', '111 HRES 1283', '116 HRES 280', '110 SRES 702']","['112 HR 4271', '112 HR 4982', '112 S 2338', '113 HR 11', '113 S 47', '112 HR 4970', '110 HR 5927', '110 S 2279', '112 S 1925', '115 SRES 360']","['115 S 3388', '115 HR 6898', '117 HR 599', '117 HR 599', '116 S 4506', '113 HR 4496', '115 HRES 1066', '111 HRES 1283', '116 HRES 280', '110 SRES 702']"
29,"Says Marsha Blackburn ""voted against the Reauthorization of the Violence Against Women Act, which attempts to protect women from domestic violence, stalking, and date rape.""",https://www.politifact.com/factchecks/2018/oct/09/taylor-swift/taylor-swift-marsha-blackburn-voted-against-reauth/,"Marsha Blackburn voted against the Reauthorization of the Violence Against Women Act, which attempts to protect women from domestic violence, stalking, and date rape",['113 S 47'],-,-,-,-,-,-,-,"['109 HR 3402', '112 HR 4970', '112 HRES 656', '110 HR 1678', '109 HRES 369', '110 HRES 32', '110 HRES 633', '112 HR 3541', '109 HR 972', '110 HR 3887']","['116 S 2920', '109 S 3693', '117 HR 1620', '117 S 3623', '116 S 2843', '116 HR 1585', '115 HR 6545', '109 HR 2876', '109 HR 3171', '112 HR 1578']","['112 HR 4271', '112 HR 4982', '112 S 2338', '113 HR 11', '113 S 47', '112 S 1925', '112 HR 4970', '108 S 1050', '113 HR 4304', '109 HR 4']","['116 S 2920', '109 S 3693', '117 HR 1620', '117 S 3623', '116 HR 1585', '116 S 2843', '115 HR 6545', '109 HR 2876', '109 HR 3171', '113 S 2945']"
30,"Says Bruce Poliquin ""voted to strip 117,000 Mainers of their insurance.""",https://www.politifact.com/factchecks/2018/oct/05/maine-democratic-party/did-bruce-poliquin-vote-strip-117000-people-health/,"Bruce Poliquin voted to strip 117,000 Mainers of their insurance",['115 HR 1628'],-,-,-,-,-,-,-,no_bill_found,"['109 SRES 65', '109 HR 4970', '109 HR 4970', '110 HR 461', '111 HR 2025', '111 S 452', '108 HR 2776', '108 HCONRES 111', '108 HR 2759', '109 HR 3018']","['112 HR 3630', '113 S 1926', '112 S 1940', '108 S 1050', '109 HR 4', '113 HR 4304', '111 HR 1880', '112 HR 5652', '108 S 14', '113 S 534']","['109 SRES 65', '109 HR 4970', '109 HR 4970', '110 HR 461', '112 HR 3505', '108 HR 2776', '111 HR 2025', '111 S 452', '112 HRES 654', '111 SRES 26']"
31,"Says U.S. Rep. John Faso ""voted for an age tax on seniors.""",https://www.politifact.com/factchecks/2018/oct/03/antonio-delgado/antonio-delgado-misleads-claiming-john-faso-voted-/,U.S. Rep. John Faso voted for an age tax on seniors,['115 HR 1628'],-,-,-,-,-,-,-,no_bill_found,"['114 HR 3590', '114 S 3339', '114 HR 975', '112 HR 3819', '112 HR 3819', '115 S 3580', '112 HR 1086', '111 HR 5305', '113 HR 2154', '109 HR 4608']","['113 HR 1', '113 HR 15', '109 HR 4', '108 S 1050', '110 HR 7060', '113 S 744', '113 HR 5771', '113 S 2260', '110 S 3335', '113 HR 4304']","['114 HR 975', '112 HR 3819', '112 HR 3819', '114 HR 3590', '114 S 3339', '115 S 3580', '109 HR 4608', '117 HR 4044', '109 HR 4987', '110 HR 605']"
32,"Says JackyÂ Rosen ""voted against stopping criminals from re-entering the United States.""",https://www.politifact.com/factchecks/2018/oct/02/senate-leadership-fund/gop-super-pac-ad-skips-over-jacky-rosens-yes-vote-/,Jacky Rosen voted against stopping criminals from re-entering the United States,['115 HR 3004'],-,-,-,-,-,-,-,"['117 S 2747', '117 HR 5746', '117 HR 6617', '117 HR 6119', '117 HRES 24', '117 S 1', '117 S 2093', '117 S 2938', '117 S 4822', '117 S 3436']","['112 HR 6382', '113 HR 4074', '114 HR 5740', '116 SRES 361', '109 HCONRES 248', '110 HR 6094', '110 HR 6094', '111 HR 1439', '111 S 1704', '109 HCONRES 191']","['113 HR 15', '113 S 744', '108 S 1050', '113 HR 4304', '114 HR 5394', '109 HR 4', '114 HR 2048', '114 HR 2048', '112 HR 4271', '112 HR 4982']","['112 HR 6382', '113 HR 4074', '114 HR 5740', '116 SRES 361', '118 HR 921', '117 HR 398', '111 HR 1439', '110 HR 6094', '110 HR 6094', '117 S 4376']"
33,"Says ""Texas U.S. Rep John Culberson voted to let insurance companies charge people 50 and over five times more than younger people.""",https://www.politifact.com/factchecks/2018/sep/24/lizzie-pannill-fletcher/texass-fletcher-tries-hit-culberson-obamacare/,Texas U.S. Rep John Culberson voted to let insurance companies charge people 50 and over five times more than younger people,['115 HR 1628'],-,-,-,-,-,-,-,"['111 HR 4872', '108 HR 4279', '111 HR 3590', '107 HR 2559', '108 HR 4280', '109 HR 5', '109 HR 3200', '111 HR 4626', '107 HR 4946', '111 S 181']","['111 HR 3399', '111 HRES 932', '110 HRES 391', '111 HRES 1464', '109 HRES 1049', '110 HCONRES 63', '115 SRES 650', '113 HR 5837', '118 HR 3706', '114 HR 6242']","['112 HR 3630', '113 HR 15', '108 S 1050', '113 S 744', '113 HR 4304', '113 S 1926', '108 S 14', '109 HR 4', '112 S 1940', '113 S 696']","['114 HR 6242', '114 HR 6242', '111 HR 3399', '111 HRES 932', '118 HR 1545', '108 HCONRES 364', '110 HRES 391', '111 HRES 1464', '111 HRES 311', '117 HR 3301']"
34,"Says U.S. Rep. Kyrsten Sinema ""voted to cut ICE.""",https://www.politifact.com/factchecks/2018/sep/21/martha-mcsally/martha-mcsallys-claim-kyrsten-sinema-voted-cut-ice/,U.S. Rep. Kyrsten Sinema voted to cut ICE,"['115 HR 1625', '115 HR 244', '114 HR 2029', '113 HR 83', '113 HR 3547', '115 HRES 990', '115 HRES 990']",-,-,-,-,-,-,-,"['117 S 610', '117 S 3436', '117 HR 4373', '117 HR 4350', '117 HR 3233', '117 HR 6968', '117 HR 2471', '117 HR 1437', '117 HR 5305', '117 SJRES 41']","['108 HRES 630', '108 SRES 346', '115 HRES 671', '117 HR 4044', '117 HR 3384', '117 HR 3384', '116 HR 8799', '116 HR 8799', '114 HR 2285', '116 S 2691']","['113 HR 15', '108 S 1050', '113 S 744', '114 HR 3667', '113 HR 3155', '113 HR 4304', '117 HR 3384', '117 HR 3384', '116 HR 8799', '116 HR 8799']","['108 HRES 630', '108 SRES 346', '117 HR 3384', '117 HR 3384', '116 HR 8799', '116 HR 8799', '117 HR 4044', '117 S 2542', '115 HRES 671', '115 S 1560']"
35,"Says she voted to stop a new ""age tax"" under which ""Arizonans age 50 & over could be charged 5 times more for their health care.""",https://www.politifact.com/factchecks/2018/sep/19/kyrsten-sinema/fact-checking-kyrsten-sinemas-claim-about-age-tax-/,Kyrsten Sinema voted to stop a new age tax under which Arizonans age 50 & over could be charged 5 times more for their health care.,['115 HR 1628'],-,-,-,-,-,-,-,"['117 S 610', '117 HR 6833', '117 SJRES 39', '117 HR 1799', '117 HR 6617', '117 HR 6119', '117 SJRES 41', '117 S 2093', '117 S 1', '117 SCONRES 14']","['110 HR 2639', '117 HR 258', '117 HR 258', '115 HR 329', '114 HR 259', '114 HR 259', '109 S 1633', '109 HR 5473', '118 S 395', '117 S 1423']","['109 HR 4', '108 S 1050', '113 HR 1', '113 HR 15', '113 HR 4304', '113 S 696', '112 HR 3630', '113 S 744', '111 HR 3962', '110 HR 7060']","['110 HR 2639', '109 HR 5473', '109 S 1633', '117 HR 258', '117 HR 258', '115 HR 329', '110 S 3480', '111 HR 1151', '111 S 467', '109 HR 4464']"
36,"Says Steve Chabot ""voted to strip insurance protections for pre-existing conditions.""",https://www.politifact.com/factchecks/2018/sep/12/aftab-pureval/chabots-votes-contradict-his-health-care-talk/,Steve Chabot voted to strip insurance protections for pre-existing conditions,"['112 HR 2', '112 HR 6079', '114 HR 596']",-,-,-,-,-,-,-,"['112 HR 358', '109 HR 4973', '117 HR 1916', '107 HR 2559', '107 HR 4946', '108 HR 2427', '108 HR 4279', '112 HR 3803', '107 HR 4600', '110 HR 3121']","['116 HRES 280', '115 HRES 1066', '115 S 3388', '115 HR 6898', '111 HR 3741', '117 HR 599', '117 HR 599', '109 SRES 65', '117 HR 892', '116 HR 692']","['112 HR 3630', '108 S 1050', '113 S 1926', '112 S 1940', '108 S 14', '109 HR 4', '113 HR 15', '113 HR 4304', '113 HR 2498', '112 HR 5652']","['116 HRES 280', '115 S 3388', '115 HRES 1066', '115 HR 6898', '109 SRES 65', '117 HR 599', '117 HR 599', '116 S 4506', '111 HR 3741', '109 HR 4970']"
37,"Says Joe Donnelly ""voted to grant amnesty to millions of illegal immigrants, including criminals, drunk drivers, domestic violence, and worse.""",https://www.politifact.com/factchecks/2018/sep/12/one-nation-pac/immigration-joe-donnelly-amnesty-criminals-indiana/,"Joe Donnelly voted to grant amnesty to millions of illegal immigrants, including criminals, drunk drivers, domestic violence, and worse.",['113 S 744'],-,-,-,-,-,-,-,"['112 HRES 844', '112 HR 6672', '110 HRES 6', '110 HR 180', '110 HR 2102', '111 S 386', '111 HRES 722', '110 HRES 1221', '111 HR 2711', '111 HR 3961']","['110 HCONRES 119', '112 S 1765', '112 HR 1578', '110 HRES 351', '109 HR 2876', '116 S 2915', '116 S 1959', '112 HR 4982', '112 S 1925', '113 HR 2630']","['112 HR 4982', '112 HR 4271', '112 S 2338', '113 HR 11', '113 S 47', '112 S 1925', '112 HR 4970', '108 S 1050', '108 S 14', '113 HR 4304']","['110 HCONRES 119', '112 S 1765', '112 HR 1578', '113 HR 2630', '110 HRES 351', '115 HR 6728', '115 HR 6728', '116 S 1959', '109 HR 2876', '110 HR 1962']"
38,"Says Beto OâRourke ""voted against"" Hurricane Harvey ""tax relief.""",https://www.politifact.com/factchecks/2018/aug/29/ted-cruz/ted-cruz-says-beto-orourke-voted-against-tax-relie/,Beto O Rourke voted against Hurricane Harvey tax relief,['115 HR 3823'],-,-,-,-,-,-,-,no_bill_found,"['115 HR 3812', '115 HR 3930', '115 SRES 650', '112 HR 6683', '113 HR 2137', '109 HR 3768', '109 S 2451', '115 S 3648', '109 S 1637', '109 HR 4334']","['113 HR 1', '113 HR 5771', '110 HR 7060', '113 S 2260', '109 S 1766', '109 S 1766', '109 HR 3958', '110 S 3335', '110 HR 6049', '110 S 3125']","['115 HR 3812', '115 HR 3930', '112 HR 6683', '115 SRES 650', '113 HR 2137', '109 HR 3768', '109 S 2451', '115 S 3648', '109 S 1637', '109 HR 4334']"
39,"Says Kevin Cramer voted to let insurance companies go back to denying coverage for 300,000 North Dakotans with pre-existing conditions.",https://www.politifact.com/factchecks/2018/aug/24/heidi-heitkamp/kevin-cramers-votes-pre-existing-conditions/,"Kevin Cramer voted to let insurance companies go back to denying coverage for 300,000 North Dakotans with pre-existing conditions","['115 HR 1628', '114 HR 3762', '114 HCONRES 27']",-,-,-,-,-,-,-,"['117 S 4', '117 SJRES 29', '117 HR 3755', '117 S 4132', '117 HR 1652', '117 S 4008', '117 HR 5376', '117 HR 4350', '117 HR 7691', '117 HR 3237']","['115 S 3388', '115 HR 6898', '111 HR 3741', '116 HR 692', '117 HR 892', '116 HRES 280', '111 S 623', '110 HR 822', '109 HR 6309', '113 HR 5328']","['112 HR 3630', '108 S 1050', '108 S 14', '113 HR 4304', '109 HR 4', '113 S 1926', '114 S 2144', '113 HR 1771', '113 HR 15', '112 S 1940']","['115 S 3388', '115 HR 6898', '116 HRES 280', '113 HR 5328', '115 HR 628', '116 HR 692', '117 HR 892', '111 HR 3741', '116 S 4506', '109 HR 6309']"
40,"""President Trump proposed the increase to $700 billion to our military budget, which included the 355-ship Navy, which included a military pay increase, a modest one, which included, a yet even more modest housing allowance, but yet (Sen. Tim Kaine) even voted against giving more money to our men and women who are in the military service and against our housing allowance.""",https://www.politifact.com/factchecks/2018/jul/25/corey-stewart/stewart-mark-repeated-attacks-kaines-support-milit/,Sen. Tim Kaine even voted against giving more money to our men and women who are in the military service and against our housing allowance,['115 HR 1625'],-,-,-,-,-,-,-,"['117 HR 4350', '117 HR 7', '117 S 3373', '117 HR 3967', '117 HR 3237', '117 HR 4373', '117 S 4822', '117 HR 335', '117 S 4132', '117 HR 3755']","['110 HRES 1139', '112 SRES 472', '111 SRES 384', '117 HCONRES 50', '112 SRES 86', '111 SRES 441', '108 SRES 433', '110 HRES 686', '111 HRES 681', '117 HR 5283']","['108 S 1050', '113 HR 4304', '113 HR 15', '112 HR 4271', '112 HR 4982', '108 S 14', '114 HR 5394', '113 S 744', '113 HR 4034', '109 HR 4']","['110 HRES 1139', '111 SRES 384', '112 SRES 472', '110 HRES 686', '117 HCONRES 50', '108 SRES 433', '110 HRES 604', '117 HRES 855', '117 HRES 855', '110 HRES 1306']"
41,"Says Ron DeSantis ""voted in an agricultural bill to give food stamps to illegal immigrants.""",https://www.politifact.com/factchecks/2018/jun/29/adam-putnam/putnam-parrots-previous-absurd-claim-food-stamps-i/,Ron DeSantis voted in an agricultural bill to give food stamps to illegal immigrants,"['113 HR 2642', '113 HR 1947']",-,-,-,-,-,-,-,no_bill_found,"['109 HR 3712', '116 HR 7656', '115 HR 4749', '113 S 1', '117 HR 6820', '111 HR 4971', '117 HR 9003', '117 HR 9003', '115 HR 3699', '117 S 2636']","['113 HR 2642', '113 HR 15', '113 HR 1947', '113 HR 2498', '113 S 954', '108 S 1050', '113 HR 4304', '113 S 744', '109 HR 4', '108 S 14']","['110 HR 2419', '109 HR 3712', '115 HR 3934', '117 HR 9003', '117 HR 9003', '115 HR 5276', '113 S 1', '115 HRES 1071', '117 S 5329', '116 HR 7656']"
42,"Says Bill Nelson voted for ""cuts to Medicare providers"" and voted to weaken ""Social Security protections"" as a U.S. senator.",https://www.politifact.com/factchecks/2018/jun/15/new-republican-pac/republican-pac-misleads-ad-about-sen-bill-nelsons-/,Bill Nelson voted for cuts to Medicare providers and voted to weaken Social Security protections as a U.S. senator,['113 HJRES 59'],-,-,-,-,-,-,-,no_bill_found,"['117 HR 4044', '108 HR 3081', '110 HR 2595', '108 HR 810', '113 HR 3168', '117 HR 322', '117 HR 322', '118 HR 3237', '118 HRES 212', '118 HRES 212']","['108 S 1050', '113 HR 15', '113 HR 4304', '113 S 744', '109 HR 4', '108 S 14', '112 HR 3630', '113 S 696', '113 HR 4034', '112 HR 7']","['117 HR 4044', '117 HR 6842', '115 HRES 671', '112 SRES 230', '117 HRES 945', '116 HR 8702', '116 HR 8702', '116 HR 394', '115 HR 893', '108 HR 3081']"
43,"Says Marsha Blackburn ""voted against military pay raise.""",https://www.politifact.com/factchecks/2018/jun/05/tennessee-democratic-party/tennessee-democrats-slam-blackburn-military-pay-vo/,Marsha Blackburn voted against military pay raise,"['115 HR 5515', '115 HR 2220']",-,-,-,-,-,-,-,"['110 HCONRES 162', '110 HR 3997', '110 HR 2828', '111 HR 1293', '108 HR 1779', '111 HR 1679', '110 HR 6081', '108 HR 4879', '112 HR 1383', '111 HR 1752']","['110 HCONRES 162', '118 HR 2591', '116 S 262', '117 HR 823', '117 HR 823', '117 HR 823', '116 HR 3260', '111 HR 282', '116 HR 790', '111 HR 156']","['108 S 1050', '108 S 2400', '115 HR 5125', '115 HR 5125', '112 HR 1979', '113 S 2289', '113 S 2410', '112 HR 4271', '109 HR 1815', '114 S 1249']","['110 HCONRES 162', '118 HR 2591', '116 S 262', '117 HR 823', '116 HR 3260', '117 HR 823', '117 HR 823', '111 HR 282', '116 HR 790', '111 HR 156']"
44,"Rep. Dan Donovan ""voted for Tax Cuts""",https://www.politifact.com/factchecks/2018/jun/04/donald-trump/did-rep-dan-donovan-vote-tax-cuts-trump-said/,Rep. Dan Donovan voted for Tax Cuts,['115 HR 1892'],-,-,-,-,-,-,-,no_bill_found,"['115 HRES 1097', '118 HRES 212', '118 HRES 212', '115 HR 4886', '118 HR 3270', '108 SRES 15', '116 HR 957', '117 HR 8214', '115 S 2254', '108 SCONRES 63']","['113 HR 1', '110 HR 7060', '113 HR 5771', '113 S 2260', '110 S 3335', '110 HR 6049', '110 S 3125', '109 HR 4', '113 S 1859', '110 S 3478']","['115 HRES 1097', '118 HRES 212', '118 HRES 212', '115 HR 4886', '118 HR 3270', '117 HR 8214', '112 HR 2650', '112 HR 2650', '108 SRES 15', '116 HR 957']"
45,"""Jim Renacci has been a lobbyist even while in Congress"" and ""voted to make it easier for lobbyists to hold key government positions and harder to investigate conflicts of interest.""",https://www.politifact.com/factchecks/2018/may/31/sherrod-brown/sherrod-brown-misleads-lobbyist-attack-jim-renacci/,Jim Renacci voted to make it easier for lobbyists to hold key government positions and harder to investigate conflicts of interest,"['114 HRES 921', '114 HR 6324', '114 HRES 5']",-,-,-,-,-,-,-,"['112 HRES 73', '112 HRES 477', '112 HCONRES 127', '112 HRES 572', '112 HJRES 98', '112 HJRES 77', '112 HRES 547', '112 HR 1657', '112 HRES 54', '112 HRES 537']","['117 HR 6383', '118 HR 840', '117 HR 7602', '117 HR 7602', '110 HR 3718', '109 S 2559', '115 S 3502', '109 SRES 485', '115 S 1184', '109 HCONRES 404']","['108 S 1050', '113 HR 4304', '108 S 14', '109 HR 4', '113 HR 15', '112 HR 3630', '113 HR 4034', '113 S 696', '113 S 744', '112 HR 7']","['118 HR 840', '117 HR 6383', '115 S 3502', '117 HR 8990', '117 HRES 554', '109 SRES 485', '115 S 1184', '115 HR 2493', '117 HR 7602', '117 HR 7602']"
46,"Says Dean Heller ""has voted for a GOP bill that funded efforts to revive Yucca Mountain.""",https://www.politifact.com/factchecks/2018/may/14/jacky-rosen/rosen-misleads-heller-yucca-mountain-vote/,Dean Heller has voted for a GOP bill that funded efforts to revive Yucca Mountain,"['112 HR 1', '115 S 95']",-,-,-,-,-,-,-,"['110 HR 497', '111 HR 3123', '112 HJRES 48', '110 HR 2016', '111 HR 762', '111 HR 2288', '110 HR 2284', '111 HR 2489', '112 S 3525', '110 HR 839']","['111 HRES 1466', '112 HR 4625', '111 HRES 1209', '111 HR 2372', '111 HR 2372', '112 S 2176', '108 HR 2926', '109 HR 895', '109 HR 5360', '111 HRES 1123']","['108 S 1050', '113 S 696', '113 HR 15', '113 HR 4304', '109 HR 4', '113 S 744', '112 HR 3630', '108 S 14', '113 HR 3895', '114 HR 5394']","['111 HRES 1466', '111 HRES 1209', '111 HRES 1123', '112 HR 4625', '108 HR 2926', '109 HR 895', '111 HR 2372', '111 HR 2372', '112 S 2176', '109 HR 5360']"
47,"Says Bill Nelson ""voted against requiring Iran to recognize Israel and release American hostages.""",https://www.politifact.com/factchecks/2018/may/04/rick-scott/gov-rick-scott-attack-mischaracterizes-vote-sen-bi/,Bill Nelson voted against requiring Iran to recognize Israel and release American hostages,['114 HJRES 61'],-,-,-,-,-,-,-,no_bill_found,"['113 S 559', '112 HR 5796', '112 HR 5796', '114 S 868', '117 HR 1179', '113 HR 3200', '117 S 2607', '114 HR 3338', '111 SRES 548', '109 HRES 922']","['113 HR 4304', '108 S 1050', '113 S 1881', '108 S 14', '113 HR 4034', '114 HR 5394', '112 HR 4271', '112 HR 4982', '113 HR 15', '114 S 792']","['113 S 559', '117 S 2607', '114 S 868', '112 HR 5796', '112 HR 5796', '117 HR 1179', '113 HR 3200', '114 HR 3338', '111 SRES 548', '110 HCONRES 389']"
48,"Says Luke Messer and Todd Rokita ""voted to fast-track Obamaâs trade deals.""",https://www.politifact.com/factchecks/2018/may/04/mike-braun/indianas-mike-braun-misleads-about-opponents-recor/,Todd Rokita voted to fast-track Obama trade deals,"['114 HR 2146', '114 HR 2146']",-,-,-,-,-,-,-,"['112 HR 6156', '112 S 2038', '112 HR 4133', '112 HR 6168', '112 HR 3079', '112 HR 3078', '112 HRES 708', '112 HR 3080', '112 HR 2779', '112 HR 5326']","['110 HRES 1170', '116 HR 3807', '111 HRES 1124', '116 HR 3169', '113 HRES 234', '113 HR 3337', '114 HRES 588', '117 HR 6842', '117 HR 4044', '117 S 4064']","['114 S 1269', '114 HR 1907', '111 S 1466', '112 HR 6642', '112 HR 6656', '114 S 2201', '114 S 1015', '114 S 758', '113 S 662', '110 S 122']","['110 HRES 1170', '116 HR 3807', '116 HR 3169', '117 S 4017', '111 HRES 1124', '116 HR 45', '117 HR 4063', '117 HR 4899', '117 S 5225', '110 HR 988']"
49,"Says Luke Messer and Todd Rokita ""voted to fast-track Obamaâs trade deals.""",https://www.politifact.com/factchecks/2018/may/04/mike-braun/indianas-mike-braun-misleads-about-opponents-recor/,Luke Messer voted to fast-track Obama trade deals,"['114 HR 2146', '114 HR 2146']",-,-,-,-,-,-,-,no_bill_found,"['116 HR 3807', '111 HRES 1124', '116 HR 3169', '113 HRES 234', '114 HRES 588', '117 HR 6842', '117 HR 4044', '117 S 4064', '114 HRES 126', '112 HRES 770']","['114 S 1269', '114 HR 1907', '111 S 1466', '112 HR 6642', '112 HR 6656', '114 S 2201', '114 S 1015', '114 S 758', '113 S 662', '110 S 122']","['116 HR 3807', '117 HR 6863', '116 HR 3169', '111 HRES 1124', '117 HR 4063', '116 HR 45', '114 HRES 588', '117 HR 4044', '109 HR 3844', '109 HR 3844']"
50,"""Congresswoman Martha McSally voted to let companies sell your internet data to the highest bidder without your consent. Then she got paid $42,000 by the very corporations she allowed to sell your personal info.""",https://www.politifact.com/factchecks/2018/apr/11/arizona-democratic-party/arizona-democratic-party-claims-gop-lawmaker-mcsal/,Congresswoman Martha McSally voted to let companies sell your internet data to the highest bidder without your consent,['115 SJRES 34'],-,-,-,-,-,-,-,no_bill_found,"['117 S 2913', '112 HRES 612', '115 HR 7388', '114 HR 2918', '110 HR 5783', '111 HR 87', '112 HR 1541', '115 HR 1423', '115 HR 2356', '115 HR 2356']","['108 S 1050', '113 HR 4304', '108 S 14', '109 HR 4', '113 S 696', '113 HR 15', '112 HR 3630', '113 HR 4366', '114 S 227', '113 HR 4034']","['117 S 2913', '115 HR 7388', '110 HRES 1437', '112 HRES 612', '114 HR 2918', '115 HR 1423', '110 HR 5783', '111 HR 87', '112 HR 1541', '115 HR 2356']"
51,"Says U.S. Rep. Ron DeSantis ""voted in favor of food stamps for illegal immigrants.""",https://www.politifact.com/factchecks/2018/mar/29/uncle-sams-misguided-children/misleading-attack-ron-desantis-about-farm-bill-foo/,U.S. Rep. Ron DeSantis voted in favor of food stamps for illegal immigrants,['113 HR 2642'],-,-,-,-,-,-,-,no_bill_found,"['109 HR 3712', '115 HR 3934', '111 HRES 1384', '109 HRES 322', '109 HRES 347', '108 HR 1631', '109 S 2051', '109 S 2051', '109 S 2051', '117 S 3154']","['113 HR 15', '108 S 1050', '113 S 744', '113 HR 4304', '109 HR 4', '108 HR 5259', '108 HR 5259', '109 HR 1507', '109 HR 1507', '112 HR 3630']","['115 HRES 1071', '117 HRES 866', '109 HR 3712', '117 HR 9003', '117 HR 9003', '109 SRES 551', '115 HR 3934', '111 HRES 1384', '117 S 3154', '109 S 37']"
52,"""Heitkamp High-Fives Schumer After Voting Against 20-Week Abortion Ban.""",https://www.politifact.com/factchecks/2018/feb/06/say-anything-blog/heitkamp-didnt-high-five-schumer-abortion/,Heitkamp Voted Against 20-Week Abortion Ban,['115 S 2311'],-,-,-,-,-,-,-,no_bill_found,"['114 S 3306', '114 HR 3515', '115 HR 1192', '116 S 1035', '108 HR 679', '108 HR 1545', '116 HR 8939', '117 HR 558', '118 HR 862', '116 HR 3985']","['114 S 1553', '113 HR 3471', '113 HR 3471', '115 HR 1322', '115 HR 1322', '112 S 3290', '113 S 138', '114 S 48', '114 HR 448', '114 HR 448']","['114 S 3306', '114 HR 3515', '116 S 1035', '115 HR 1192', '108 HR 679', '108 HR 1545', '116 HR 8939', '117 HR 558', '118 HR 862', '116 HR 3985']"
53,"""In Congress, @RonDeSantisFL was the DECIDING vote AGAINST our state's right to protect Florida waters from drilling.""",https://www.politifact.com/factchecks/2018/jan/12/gwen-graham/did-ron-desantis-cast-deciding-vote-against-legisl/,"In Congress, RonDeSantis was the DECIDING vote AGAINST our state's right to protect Florida waters from drilling",['113 HR 2231'],-,-,-,-,-,-,-,no_bill_found,"['112 HR 2946', '112 HR 2946', '113 HR 5851', '112 HJRES 28', '110 HR 5708', '110 HR 5708', '117 S 2615', '117 HR 4959', '114 HR 563', '115 HR 154']","['108 S 1050', '113 HR 4304', '109 HR 4', '113 HR 15', '114 HR 5394', '108 S 14', '113 S 696', '113 S 744', '112 HR 3630', '112 S 1720']","['117 HR 9399', '113 HR 5851', '112 HR 2946', '112 HR 2946', '112 HJRES 54', '112 HJRES 54', '112 HJRES 54', '112 HJRES 54', '112 HJRES 54', '113 SJRES 7']"
54,"U.S. Rep. Carlos Curbelo voted for a health care bill that will let insurance companies ""charge five times more for people over 50.""",https://www.politifact.com/factchecks/2017/may/11/save-my-care/gop-health-care-bill-charges-five-times-more-peopl/,Carlos Curbelo voted for a health care bill that will let insurance companies charge five times more for people over 50,['115 HR 1628'],-,-,-,-,-,-,-,no_bill_found,"['116 S 967', '115 HRES 1089', '112 HR 6048', '112 HR 6048', '114 HR 519', '115 HR 285', '114 HR 248', '112 HR 1744', '112 HR 1744', '109 S 2457']","['112 HR 3630', '108 S 1050', '113 HR 15', '113 S 696', '111 HR 3962', '109 HR 4', '113 HR 4304', '113 HR 4841', '113 HR 4841', '113 S 744']","['108 HCONRES 34', '111 HR 3399', '114 HR 519', '115 HR 285', '115 HRES 1089', '112 HR 6048', '112 HR 6048', '116 S 967', '116 S 1531', '114 HR 248']"
55,"Roy Blunt ""voted to raise his own pay 12 times"" while in Congress.",https://www.politifact.com/factchecks/2016/nov/06/jason-kander/kander-ad-accusing-blunt-voting-raise-his-pay-misl/,Roy Blunt voted to raise his own pay 12 times while in Congress,"['105 S 01023', '105 HR 2378', '106 HR 246', '106 HR 2490', '106 HRES 560', '106 HR 4871', '107 HRES 206', '107 HR 2590', '107 HRES 488', '107 HR 5120', '108 HRES 351', '108 HR 2989', '108 HRES 770', '108 HR 5025', '109 HRES 342', '109 HR 3058', '109 HR 3058', '109 HRES 865', '109 HR 5576', '110 HRES 517', '110 HR 2829', '111 HR 1105', '111 HRES 184', '111 HR 5146', '111 HR 3082']",-,-,-,-,-,-,-,"['110 HCONRES 162', '108 HR 4275', '110 HR 2828', '106 HRES 434', '110 S 1046', '112 S 1944', '108 HR 2', '106 HR 1102', '112 S 2230', '110 HR 3997']","['117 S 3274', '112 HRES 762', '111 S 1006', '111 HR 4255', '111 HR 282', '111 HR 156', '111 HR 4423', '117 HR 75', '117 HR 75', '117 HR 75']","['108 S 1050', '113 HR 4304', '108 S 14', '113 HR 15', '109 HR 4', '113 S 744', '112 HR 3630', '114 HR 5394', '113 S 696', '114 HR 2898']","['117 S 3274', '109 SRES 497', '111 S 1006', '112 HRES 762', '111 HR 4255', '111 HR 282', '111 HR 156', '111 HR 4423', '117 HR 75', '117 HR 75']"
56,"Says Donald Trump and Ron Johnson ""oppose a woman's right to choose and Johnson voted against the Violence Against Women Act.""",https://www.politifact.com/factchecks/2016/nov/03/russ-feingold/russ-feingolds-attack-donald-trump-and-ron-johnson/,Johnson voted against the Violence Against Women Act,"['112 S 91', '112 S 91']",-,-,-,-,-,-,-,no_bill_found,"['117 HR 1892', '116 HR 1741', '115 HR 6797', '115 HR 6796', '115 HR 7390', '116 HR 1239', '110 S 2279', '110 HR 5927', '109 S 3693', '116 HRES 555']","['112 HR 4271', '112 HR 4982', '113 HR 11', '113 S 47', '112 S 2338', '112 S 1925', '112 HR 4970', '110 HR 5927', '110 S 2279', '111 HR 4594']","['117 HR 1892', '116 HR 1741', '115 HR 6797', '115 HR 6796', '110 S 2279', '110 HR 5927', '115 HR 7390', '116 HR 1239', '114 HRES 910', '114 HRES 910']"
57,"""Richard Burr voted to protect tax breaks for companies that ship jobs overseas but voted against a tax break to help working people.""",https://www.politifact.com/factchecks/2016/nov/02/deborah-ross/did-richard-burr-vote-protect-tax-breaks-companies/,Richard Burr voted to protect tax breaks for companies that ship jobs overseas but voted against a tax break to help working people,"['112 S 3364', '113 S 2569']",-,-,-,-,-,-,-,"['107 HR 4626', '112 S 1917', '111 S 3816', '108 HR 1779', '112 S 1931', '107 HCONRES 312', '112 S 2237', '112 S 3412', '112 S 1660', '108 HR 3365']","['113 S 8', '117 HR 4044', '116 S 2937', '113 HR 549', '117 HR 1785', '117 HR 1785', '116 HRES 1097', '117 HR 6392', '110 S 666', '118 HR 884']","['113 HR 1', '109 HR 4', '108 S 1050', '110 HR 7060', '113 HR 4304', '113 HR 5771', '113 S 2260', '113 S 696', '113 HR 15', '110 S 3335']","['113 S 8', '117 HR 4044', '112 S 1', '112 S 7', '112 S 2', '118 HR 785', '117 HR 1785', '117 HR 1785', '118 HR 884', '118 HR 884']"
58,"""Sen. (Richard) Burr voted no on the Violence Against Women Act.""",https://www.politifact.com/factchecks/2016/oct/18/deborah-ross/nc-senate-race-democrat-deborah-ross-ad-against-go/,Richard Burr voted no on the Violence Against Women Act,"['106 HR 3244', '109 HR 3402', '113 S 47']",-,-,-,-,-,-,-,"['112 S 1925', '106 HR 1248', '106 HR 3244', '107 HR 503', '106 HR 2436', '104 HR 2974', '108 HR 1997', '106 HR 3088', '108 HRES 276', '104 HR 2137']","['117 HR 1892', '116 HR 1741', '115 HR 6797', '115 HR 6796', '115 HR 7390', '116 HR 1239', '110 HR 5927', '110 S 2279', '109 S 3693', '116 HRES 555']","['112 HR 4271', '112 HR 4982', '113 HR 11', '113 S 47', '112 S 2338', '112 S 1925', '112 HR 4970', '110 HR 5927', '110 S 2279', '111 HR 4594']","['117 HR 1892', '116 HR 1741', '115 HR 6797', '115 HR 6796', '110 HR 5927', '110 S 2279', '116 HR 1239', '109 S 3693', '115 HR 7390', '114 HRES 910']"
59,"""Kelly Ayotte voted to give big oil more than $20 billion in tax breaks.""",https://www.politifact.com/factchecks/2016/oct/07/democratic-senatorial-campaign-committee/ad-claims-kelly-ayotte-voted-billion-dollar-tax-br/,Kelly Ayotte voted to give big oil more than $20 billion in tax breaks,['112 S 940'],-,-,-,-,-,-,-,"['112 S 940', '112 S 2237', '112 S 2204', '112 S 3412', '112 HR 2072', '112 S 1917', '112 HR 8', '112 HR 4', '112 S 2230', '112 S 493']","['117 HR 7061', '117 HR 7061', '117 HR 7061', '117 HR 7061', '112 HR 1689', '109 S 2636', '113 HR 1426', '115 S 1710', '113 S 8', '116 S 5080']","['113 HR 1', '113 HR 4304', '112 HR 1870', '109 HR 4', '112 HR 501', '110 HR 7060', '113 HR 5771', '108 S 1050', '111 S 3663', '113 S 2260']","['117 HR 7061', '117 HR 7061', '117 HR 7061', '117 HR 7061', '113 HR 1426', '112 HR 1689', '115 S 1710', '109 S 2636', '113 S 8', '111 S 3305']"
60,"Says Rep. John Katko ""promised he wouldnât vote to defund Planned Parenthood and since heâs been in office heâs done that four times""",https://www.politifact.com/factchecks/2016/oct/05/colleen-deacon/katko-voted-against-planned-parenthood-funding-fou/,Rep. John Katko promised he wouldn vote to defund Planned Parenthood and since he been in office he done that four times,"['114 HR 3134', '114 HCONRES 79', '114 HR 3762', '114 HR 3762']",-,-,-,-,-,-,-,"['117 HRES 1499', '117 HR 8876', '117 HR 5551', '117 HR 1218', '117 HR 7791', '117 HRES 1232', '117 HRES 1224', '117 S 610', '117 HR 8373', '117 HR 2668']","['114 HRES 737', '113 HRES 504', '111 SRES 183', '110 HRES 881', '117 HRES 605', '109 HRES 636', '116 SRES 604', '114 HR 3134', '114 HR 3134', '117 S 139']","['113 HR 4304', '108 S 1050', '113 HR 15', '113 S 696', '108 S 14', '113 S 744', '113 HR 4034', '109 HR 4', '112 HR 3630', '114 HR 2898']","['117 S 139', '113 HRES 504', '110 HRES 881', '117 HRES 605', '114 HRES 737', '111 SRES 183', '114 HR 3134', '114 HR 3134', '115 HR 4641', '117 HR 7154']"
61,"Says Rob Portman ""even voted to allow people on the terrorism watch list to buy guns.""",https://www.politifact.com/factchecks/2016/sep/29/ted-strickland/sen-rob-portman-voted-let-terrorists-buy-guns-nope/,Rob Portman even voted to allow people on the terrorism watch list to buy guns,['114 HR 5504'],-,-,-,-,-,-,-,"['107 HR 2975', '107 HR 3162', '103 HR 4296', '105 HR 2829', '104 HRES 508', '107 HR 4547', '107 HR 3275', '106 HR 2122', '104 HR 125', '103 HR 1025']","['114 S 3332', '115 S 151', '116 S 1778', '113 HR 5488', '114 HR 48', '116 HR 2621', '117 HR 3056', '113 HR 868', '108 S 329', '112 HR 2423']","['108 S 1050', '113 HR 4304', '109 HR 4', '108 S 14', '112 HR 3630', '113 S 696', '113 HR 15', '114 HR 5394', '113 HR 4034', '112 S 1720']","['116 HR 2621', '114 HR 48', '113 HR 5488', '114 S 3332', '115 S 151', '116 S 1778', '117 HR 3056', '112 HR 2423', '114 S 3069', '117 HR 6412']"
62,"Says Miami Congressman Carlos ""Curbelo supports drilling offshore"" and ""repeatedly voted against President Obama's ability to fight pollution and combat climate change.""",https://www.politifact.com/factchecks/2016/sep/29/democratic-congressional-campaign-committee/democrats-mislead-attack-carlos-curbelos-record-cl/,Miami Congressman Carlos Curbelo supports drilling offshore and repeatedly voted against President Obama's ability to fight pollution and combat climate change,"['114 HR 2028', '114 HR 348', '114 HRES 424', '114 SJRES 23', '114 SJRES 23']",-,-,-,-,-,-,-,no_bill_found,"['112 HR 6168', '117 HRES 755', '116 HR 7075', '111 HCONRES 98', '112 HCONRES 84', '111 SRES 499', '114 HCONRES 29', '114 HCONRES 29', '113 HRES 570', '113 HRES 570']","['113 HR 4304', '108 S 1050', '113 HR 4034', '108 S 14', '110 HR 3220', '110 HR 3221', '113 HR 15', '112 HR 4271', '109 HR 4', '112 HR 4982']","['112 HR 6168', '117 HRES 755', '116 HR 7075', '111 HRES 1514', '111 HCONRES 98', '116 HCONRES 15', '111 HR 5520', '111 SRES 499', '112 HCONRES 84', '118 HR 3302']"
63,"Says MarcoÂ Rubio ""voted to slash school funding by billions of dollars and would eliminate the Department of Education.""",https://www.politifact.com/factchecks/2016/sep/27/afscme-people/unions-attack-marco-rubios-education-record/,Marco Rubio voted to slash school funding by billions of dollars and would eliminate the Department of Education,['112 HR 1'],-,-,-,-,-,-,-,"['112 S 1723', '112 S 1660', '117 HR 1652', '112 S 1813', '112 S 1726', '112 S 2343', '112 HR 1', '112 HR 2560', '112 S 493', '117 S 4008']","['117 SRES 306', '118 HR 1194', '111 HR 4611', '112 HR 3775', '113 HR 2963', '108 HR 2884', '109 HR 182', '114 S 1177', '108 HR 1692', '116 HR 865']","['108 S 1050', '113 HR 4304', '109 HR 4', '108 S 14', '113 HR 4366', '113 HR 15', '113 S 1094', '114 HR 5', '113 S 696', '114 HR 5394']","['117 SRES 306', '118 HR 1194', '111 HR 4611', '112 HR 3775', '113 HR 2963', '110 HR 4289', '114 S 1177', '117 HR 1867', '108 HR 2884', '109 HR 182']"
64,"Says Marco Rubio voted ""against every bill that would have helped keep our families safe. He even voted against a bipartisan measure, introduced by a Republican, to prevent people on the no-fly list from purchasing guns.""",https://www.politifact.com/factchecks/2016/sep/22/patrick-murphy/patrick-murphy-attacks-marco-rubio-votting-against/,Marco Rubio voted against every bill that would have helped keep our families safe,['114 HR 5504'],-,-,-,-,-,-,-,"['117 S 2938', '117 S 1301', '117 S 4132', '117 S 1', '117 S 2093', '117 HR 3755', '117 S 914', '117 S 4008', '117 SCONRES 14', '117 HR 1319']","['117 SRES 306', '115 HR 6055', '115 HR 458', '112 S 3692', '111 HRES 892', '112 S 2', '112 HR 1932', '117 HR 1867', '118 S 213', '115 S 3699']","['113 S 696', '113 HR 4304', '112 HR 4271', '112 HR 4982', '114 HR 5394', '114 S 2902', '112 S 2338', '114 HR 2898', '115 S 3479', '112 S 1720']","['117 SRES 306', '115 HR 6055', '115 HR 458', '111 HRES 892', '112 S 2', '112 S 3692', '112 HR 1932', '116 HR 795', '118 S 213', '117 HR 1867']"
65,"Says ""Patrick Murphy is the only candidate to have voted against every measure to fund Zika.""",https://www.politifact.com/factchecks/2016/sep/14/marco-rubio/patrick-murphy-has-voted-against-every-zika-fundin/,Patrick Murphy is the only candidate to have voted against every measure to fund Zika,"['114 HR 5044', '114 HRES 751']",-,-,-,-,-,-,-,"['111 HR 1327', '111 HR 3357', '110 HR 6028', '110 HR 2347', '111 HRES 1105', '110 HRES 202', '110 HRES 1503', '111 HR 3980', '111 HRES 279', '110 HR 4848']","['112 SRES 21', '108 HR 3032', '108 HR 3032', '114 HR 4400', '114 HR 4400', '116 SRES 605', '114 HR 5031', '114 HRES 815', '115 HJRES 141', '118 SRES 46']","['108 S 1050', '113 HR 4304', '109 HR 4', '113 S 696', '112 HR 3630', '113 HR 15', '108 S 14', '112 HR 4271', '112 HR 7', '113 S 744']","['112 SRES 21', '117 SRES 20', '116 SRES 605', '108 HR 3032', '108 HR 3032', '118 SRES 46', '114 HR 5031', '114 HR 4400', '114 HR 4400', '114 HR 6010']"
66,"Nevada Republican Senate nominee ""Joe Heck voted to criminalize abortion for rape victims.""",https://www.politifact.com/factchecks/2016/sep/13/planned-parenthood-votes/planned-parenthood-votes-says-joe-heck-voted-crimi/,Nevada Republican Senate nominee Joe Heck voted to criminalize abortion for rape victims,['112 HR 3803'],-,-,-,-,-,-,-,"['112 HR 3541', '112 HR 3803', '112 HR 4970', '112 HR 3', '112 HR 358', '112 HRES 430', '112 S 1280', '112 HRES 237', '112 HRES 656', '112 HR 2471']","['114 HRES 615', '116 HR 3985', '117 S 124', '116 HR 8939', '114 HRES 331', '114 HRES 331', '117 HR 1080', '117 HR 1080', '117 HR 1080', '117 HR 1080']","['108 S 1050', '112 HR 4271', '112 HR 4982', '114 S 1553', '113 HR 11', '113 S 47', '112 S 2338', '109 HR 4', '112 HR 4970', '108 S 14']","['114 HRES 615', '114 S 219', '111 S 2915', '116 HR 3985', '114 HRES 656', '114 HRES 331', '114 HRES 331', '117 S 124', '116 HR 8939', '113 S 142']"
67,"""Marco Rubio voted against funding health clinics that provide critical care during this public health emergency (Zika).""",https://www.politifact.com/factchecks/2016/sep/08/naral-pro-choice/naral-misleads-attack-marco-rubio-about-zika-fundi/,Marco Rubio voted against funding health clinics that provide critical care during this public health emergency (Zika),['114 HR 2577'],-,-,-,-,-,-,-,"['117 HR 6617', '117 HR 6119', '117 S 4132', '117 HR 1868', '117 HR 3755', '117 SJRES 32', '117 SJRES 41', '117 S 2938', '117 S 4008', '117 HR 5305']","['117 SRES 306', '117 HR 6202', '117 S 934', '116 HR 8756', '116 HR 7760', '116 HR 7760', '117 S 935', '116 S 3631', '117 S 3593', '117 HR 7573']","['111 HR 3962', '113 HR 4841', '113 HR 4841', '108 HR 3459', '108 HR 3459', '113 HR 3717', '111 HR 4872', '111 HR 3970', '113 HR 3121', '111 S 1679']","['117 SRES 306', '117 S 934', '117 HR 6202', '116 HR 8756', '117 S 935', '116 S 3631', '116 HR 7760', '116 HR 7760', '115 HR 5899', '115 HR 5899']"
68,"Says Hillary Clinton ""voted to raise taxes on workers earning as little as $41,500.""",https://www.politifact.com/factchecks/2016/aug/29/republican-party-florida/republican-party-florida-facebook-post-misses-mark/,"Hillary Clinton voted to raise taxes on workers earning as little as $41,500",['110 SCONRES 70'],-,-,-,-,-,-,-,"['110 HR 2', '108 HR 2', '108 HR 4520', '107 HR 1836', '108 S 1054', '109 HR 4297', '110 HR 5140', '107 S 2578', '107 HR 622', '107 HR 5121']","['114 HRES 884', '115 HRES 477', '109 HR 4192', '109 HR 4192', '109 HR 4192', '109 HR 4192', '115 HCONRES 15', '110 HRES 466', '115 S 27', '115 HRES 488']","['108 S 1050', '113 HR 4304', '109 HR 4', '113 S 696', '112 HR 3630', '108 S 14', '113 HR 15', '113 S 2685', '113 S 744', '114 HR 2898']","['114 HRES 884', '115 HRES 477', '109 HR 4192', '109 HR 4192', '109 HR 4192', '109 HR 4192', '110 HRES 466', '115 S 27', '115 HCONRES 15', '115 HRES 488']"
69,"Says Ron Johnson ""voted five times for tax breaks that help companies ship Wisconsin jobs overseas.""",https://www.politifact.com/factchecks/2016/aug/26/russ-feingold/feingold-johnson-voted-five-times-tax-breaks-help-/,Ron Johnson voted five times for tax breaks that help companies ship Wisconsin jobs overseas,['114 SCONRES 11'],-,-,-,-,-,-,-,"['112 S 3364', '112 S 2237', '112 HJRES 48', '112 S 1660', '112 S 1769', '112 S 1931', '112 HR 4', '112 HR 2832', '112 S 2038', '117 S 4008']","['113 S 8', '112 S 1', '113 HR 230', '111 HR 5855', '112 HR 286', '112 S 7', '108 HR 3911', '108 HR 3911', '116 HR 4711', '108 HR 618']","['113 HR 1', '110 HR 7060', '113 HR 5771', '109 HR 4', '113 S 2260', '108 S 1050', '110 S 3335', '110 HR 6049', '110 S 3125', '113 S 696']","['113 S 8', '112 S 1', '113 HR 230', '111 HR 5855', '112 HR 286', '112 S 7', '108 HR 3911', '108 HR 3911', '108 HR 618', '116 HR 4711']"
70,"Says Marco Rubio ""voted against the bipartisan Violence Against Women Act.""",https://www.politifact.com/factchecks/2016/aug/24/patrick-murphy/rubio-voted-against-violence-against-women-act-mur/,Marco Rubio voted against the bipartisan Violence Against Women Act,"['103 HR 3355', '112 S 1925', '113 S 47']",-,-,-,-,-,-,-,"['112 S 1925', '117 HR 7', '112 S 3220', '117 S 2938', '117 HR 6119', '117 HR 4350', '117 HR 350', '112 SRES 14', '117 S 4822', '117 HR 8404']","['116 HRES 555', '117 HR 1892', '116 HR 1741', '115 HR 6797', '115 HR 6796', '115 HR 7390', '117 SRES 306', '116 HR 1239', '110 HR 5927', '110 S 2279']","['112 HR 4271', '112 HR 4982', '113 HR 11', '113 S 47', '112 S 2338', '112 S 1925', '112 HR 4970', '110 HR 5927', '110 S 2279', '111 HR 4594']","['116 HRES 555', '117 SRES 306', '117 HR 1892', '116 HR 1741', '115 HR 6797', '115 HR 6796', '110 S 2279', '110 HR 5927', '115 HR 7390', '116 HR 1239']"
71,"""Mike Pence voted against expanding the Childrenâs Health Insurance program, which Hillary helped to start.""",https://www.politifact.com/factchecks/2016/aug/08/howard-dean/howard-dean-largely-right-mike-pences-health-polic/,Mike Pence voted against expanding the Children Health Insurance program,"['110 HR 976', '111 HR 2', '111 HR 3590', '111 HR 4872']",-,-,-,-,-,-,-,"['111 HRES 52', '111 HR 3590', '110 HRES 774', '110 HR 3162', '110 HRES 675', '111 HR 2', '108 HR 2350', '110 HR 3963', '111 HR 577', '111 HR 4872']","['116 SRES 397', '110 HR 3719', '111 HR 2596', '117 HR 3974', '117 SRES 330', '117 HRES 38', '115 HR 3927', '116 HR 6098', '112 HR 1578', '110 HR 5998']","['111 HR 3962', '112 HR 3630', '113 S 1926', '113 HR 2498', '113 S 954', '112 S 1940', '113 HR 3717', '108 HR 3459', '108 HR 3459', '108 S 1050']","['115 HR 3927', '116 SRES 397', '110 HR 3719', '111 HR 2596', '116 HR 6098', '117 HR 3974', '110 HR 5998', '117 HRES 310', '112 HR 1578', '117 SRES 607']"
72,"Says Debbie Wasserman Schultz ""has voted for huge subsidies for the sugar industry ... as well as for delays in cleanups.""",https://www.politifact.com/factchecks/2016/jul/25/tim-canova/tim-canova-attacks-debbie-wasserman-schultzs-recor/,Debbie Wasserman Schultz has voted for huge subsidies for the sugar industry ... as well as for delays in cleanups,"['114 HR 4793', '114 HR 230']",-,-,-,-,-,-,-,"['111 HR 3435', '117 HR 5315', '110 HCONRES 187', '109 HR 3893', '112 HJRES 48', '109 HR 5254', '110 HRES 1433', '111 S 3473', '117 HRES 1033', '110 HR 2207']","['112 S 25', '113 S 794', '114 HCONRES 20', '113 HCONRES 39', '113 HR 2949', '113 S 817', '112 HR 1385', '111 HR 6375', '116 HR 2993', '116 HR 2993']","['108 S 1050', '113 HR 15', '109 HR 4', '113 HR 4304', '112 HR 3630', '113 S 744', '108 S 14', '113 S 696', '112 HR 7', '113 HR 3895']","['112 S 25', '115 HCONRES 40', '114 HCONRES 20', '113 HCONRES 39', '113 S 794', '113 HR 693', '113 HR 693', '117 HCONRES 43', '117 HCONRES 43', '117 HCONRES 43']"
73,"Says Sen. John McCain ""told dreamers that heâll support the Dream Act, then he voted against it.""",https://www.politifact.com/factchecks/2016/may/24/ann-kirkpatrick/did-john-mccain-support-dream-act-then-vote-agains/,"Sen. John McCain told dreamers that he support the Dream Act, then he voted against it","['108 S 1545', '109 S 2075']",-,-,-,-,-,-,-,no_bill_found,"['117 HRES 605', '115 HRES 1053', '115 HRES 1053', '115 HR 4641', '110 HRES 881', '114 HRES 737', '111 HRES 50', '109 SRES 213', '111 SRES 183', '109 HRES 813']","['113 HR 4304', '113 S 696', '108 S 1050', '111 HR 1105', '112 HR 4271', '112 HR 3671', '113 HR 3895', '115 HR 6964', '113 HR 15', '112 HR 3630']","['115 HRES 1053', '115 HRES 1053', '110 HRES 881', '117 HRES 605', '114 HRES 737', '116 HRES 552', '116 HRES 552', '115 HR 4641', '111 HRES 50', '117 HRES 336']"
74,"Kelly Ayotte ""has voted to defund Planned Parenthood"" six times.",https://www.politifact.com/factchecks/2016/apr/29/maggie-hassan/maggie-hassan-says-kelly-ayotte-has-record-voting-/,Kelly Ayotte has voted to defund Planned Parenthood six times,['112 HCONRES 36'],-,-,-,-,-,-,-,"['112 HCONRES 36', '112 S 1726', '112 HR 2560', '112 SJRES 24', '112 HR 8', '112 S 1931', '112 S 3637', '112 SJRES 10', '112 HR 4', '112 S 627']","['117 S 139', '114 HR 3134', '114 HR 3134', '115 HR 354', '116 HR 369', '114 SRES 590', '118 HR 128', '118 HR 128', '117 HR 541', '112 HCONRES 36']","['113 HR 15', '113 S 744', '113 S 696', '108 S 1050', '113 HR 4304', '111 HR 6497', '109 HR 4', '108 S 14', '112 HR 3823', '114 HR 5533']","['117 S 139', '114 HR 3134', '114 HR 3134', '115 HR 354', '116 HR 369', '114 SRES 590', '114 S 1917', '118 HR 128', '117 HR 541', '118 HR 128']"
75,"""Kelly Ayotte has voted four times against the federal Paycheck Fairness Act.""",https://www.politifact.com/factchecks/2016/apr/29/maggie-hassan/maggie-hassan-says-kelly-ayotte-repeatedly-voted-a/,Kelly Ayotte has voted four times against the federal Paycheck Fairness Act,['113 S 2199'],-,-,-,-,-,-,-,"['112 S 3220', '112 S 1931', '112 S 1660', '112 S 2230', '112 HR 2560', '112 S 3637', '112 S 1917', '112 S 1726', '112 SJRES 24', '112 S 3369']","['111 S 1006', '116 S 3859', '108 HR 1688', '108 S 76', '111 HR 4067', '116 S 4117', '116 S 3865', '116 HR 7241', '116 HR 7241', '116 HR 6893']","['113 HR 4304', '108 S 14', '113 HR 15', '113 S 744', '112 S 1720', '108 S 1050', '112 HR 4271', '112 HR 4982', '113 S 696', '111 HR 6497']","['111 S 1006', '116 S 3859', '114 SRES 385', '116 S 4117', '116 HR 6893', '117 HR 7838', '116 HR 6886', '116 HR 7241', '116 HR 7241', '117 HRES 122']"
76,"Says he ""was the only Republican"" to vote against creating a House panel to investigate Planned Parenthood.",https://www.politifact.com/factchecks/2016/apr/26/david-jolly/us-rep-david-jolly-says-he-voted-against-house-pla/,U.S. Rep. David Jolly was the only Republican to vote against creating a House panel to investigate Planned Parenthood,['114 HRES 461'],-,-,-,-,-,-,-,no_bill_found,"['112 HCONRES 36', '114 SRES 590', '114 HCONRES 79', '111 HRES 1289', '114 S 1877', '114 S 1917', '114 HR 3134', '114 HR 3134', '113 HR 4027', '110 HRES 1039']","['108 S 1050', '113 HR 15', '113 HR 4304', '109 HR 4', '113 S 744', '113 S 696', '108 S 14', '114 HR 2048', '114 HR 2048', '113 S 2685']","['114 SRES 590', '112 HCONRES 36', '114 S 1917', '117 S 139', '114 HR 3134', '114 HR 3134', '114 HR 3443', '114 S 1861', '115 HR 354', '116 S 158']"
77,"SaysÂ Bernie Sanders ""voted for what we call the 'Charleston Loophole.'""",https://www.politifact.com/factchecks/2016/jan/18/hillary-clinton/fact-checking-hillary-clintons-claim-bernie-sander/,Bernie Sanders voted for what we call the Charleston Loophole,['103 HR 1025'],-,-,-,-,-,-,-,"['102 HR 5754', '107 HR 1542', '109 HR 6406', '108 HR 1047', '105 HR 2203', '108 HR 1925', '103 HR 2884', '106 HR 3018', '106 HR 2952', '117 HRES 24']","['115 SRES 380', '116 SRES 473', '116 HRES 868', '116 S 960', '117 HR 4044', '109 HCONRES 302', '109 S 3542', '109 HR 5720', '112 HR 3869', '111 SRES 398']","['108 S 1050', '114 S 1469', '113 S 2685', '114 HR 2048', '114 HR 2048', '112 HR 3630', '113 HR 15', '109 HR 4', '113 HR 4304', '108 S 14']","['111 SRES 398', '112 HR 3869', '115 SRES 380', '116 SRES 473', '116 HRES 868', '109 S 899', '116 S 960', '109 HCONRES 302', '117 HR 4044', '118 HR 3122']"
78,"""Marco Rubio voted against authorizing President Obama to strike Syria after Assad used chemical weapons on his own people.""",https://www.politifact.com/factchecks/2016/jan/07/hillary-clinton/hillary-clintons-syrian-air-strikes-claim-against-/,Marco Rubio voted against authorizing President Obama to strike Syria after Assad used chemical weapons on his own people,['113 SJRES 21'],-,-,-,-,-,-,-,"['112 S 3576', '112 SJRES 41', '117 HR 7108', '117 HRES 24', '117 S 1605', '117 SJRES 31', '112 SRES 14', '112 SRES 159', '117 S 3436', '112 HR 3080']","['113 HJRES 61', '115 SRES 116', '113 HCONRES 53', '114 HRES 346', '112 HRES 549', '112 HRES 549', '115 S 200', '114 HR 6179', '115 HR 669', '114 HR 6179']","['113 S 696', '113 S 1009', '108 HR 1828', '108 S 1050', '113 S 1714', '113 S 960', '113 HR 4304', '114 HR 54', '109 HR 4', '114 HR 5394']","['113 HJRES 61', '115 SRES 116', '113 HCONRES 53', '114 HRES 346', '114 HR 6179', '115 HR 669', '115 S 200', '114 HR 6179', '112 HRES 549', '112 HRES 549']"
